# Made in Blockbench 5.1.4
mtllib lightSource.mtl

o sphere
v 0 -6.25 0
v 0 6.25 0
v 0.13657749541371472 6.1134225045862856 1.2994480676109954
v 0.2671858989063148 5.709659110266255 2.5421040192237507
v 0.38611699651651926 5.056356214843421 3.6736578268279567
v 0.48817292858403827 4.182066289742864 4.644655159233714
v 0.5688933611588255 3.125000000000001 5.412658773652741
v 0.6247504239977529 1.9313562148434216 5.944103226844709
v 0.6533028954228342 0.6533028954228342 6.215761846051708
v 0.6533028954228342 -0.6533028954228334 6.215761846051708
v 0.6247504239977529 -1.931356214843421 5.94410322684471
v 0.5688933611588256 -3.1249999999999987 5.412658773652742
v 0.4881729285840383 -4.1820662897428615 4.644655159233715
v 0.3861169965165193 -5.0563562148434205 3.673657826827957
v 0.2671858989063147 -5.709659110266256 2.5421040192237503
v 0.13657749541371472 -6.1134225045862856 1.2994480676109954
v 0.4037633943200295 6.1134225045862856 1.242655951612755
v 0.7898803908365487 5.709659110266255 2.431001875215201
v 1.1414758240068723 5.056356214843421 3.513101351629508
v 1.4431832862593832 4.182066289742864 4.4416614412469855
v 1.6818167137406168 3.125000000000001 5.176099612425682
v 1.8469466805794126 1.9313562148434216 5.6843173928597395
v 1.9313562148434211 0.6533028954228342 5.944103226844709
v 1.9313562148434211 -0.6533028954228334 5.944103226844709
v 1.8469466805794128 -1.931356214843421 5.68431739285974
v 1.681816713740617 -3.1249999999999987 5.176099612425683
v 1.4431832862593834 -4.1820662897428615 4.441661441246986
v 1.1414758240068725 -5.0563562148434205 3.5131013516295084
v 0.7898803908365486 -5.709659110266256 2.4310018752152005
v 0.4037633943200295 -6.1134225045862856 1.242655951612755
v 0.6533028954228339 6.1134225045862856 1.1315538076042055
v 1.2780533194205868 5.709659110266255 2.213653284018512
v 1.8469466805794126 5.056356214843421 3.1990054896342293
v 2.335119609163451 4.182066289742864 4.044545804821477
v 2.72123660567997 3.125000000000001 4.7133200604539836
v 2.9884225045862847 1.9313562148434216 5.176099612425682
v 3.1249999999999996 0.6533028954228342 5.412658773652742
v 3.1249999999999996 -0.6533028954228334 5.412658773652742
v 2.988422504586285 -1.931356214843421 5.176099612425683
v 2.7212366056799704 -3.1249999999999987 4.713320060453984
v 2.3351196091634514 -4.1820662897428615 4.044545804821478
v 1.8469466805794128 -5.0563562148434205 3.1990054896342297
v 1.2780533194205865 -5.709659110266256 2.2136532840185117
v 0.6533028954228339 -6.1134225045862856 1.1315538076042055
v 0.8742899251005574 6.1134225045862856 0.9709973324057567
v 1.7103691851656977 5.709659110266255 1.899557422023233
v 2.471697104577166 5.056356214843421 2.7450977372104806
v 3.1250000000000004 4.182066289742864 3.4706641088412282
v 3.6417254000091197 3.125000000000001 4.044545804821476
v 3.9992899251005576 1.9313562148434216 4.441661441246985
v 4.182066289742864 0.6533028954228342 4.644655159233714
v 4.182066289742864 -0.6533028954228334 4.644655159233714
v 3.999289925100558 -1.931356214843421 4.4416614412469855
v 3.64172540000912 -3.1249999999999987 4.044545804821477
v 3.1250000000000013 -4.1820662897428615 3.470664108841229
v 2.4716971045771663 -5.0563562148434205 2.745097737210481
v 1.7103691851656975 -5.709659110266256 1.8995574220232327
v 0.8742899251005574 -6.1134225045862856 0.9709973324057567
v 1.0570662897428635 6.1134225045862856 0.7680036144190274
v 2.067933710257136 5.709659110266255 1.502441785597725
v 2.9884225045862856 5.056356214843421 2.171216041230232
v 3.778302895422835 4.182066289742864 2.745097737210481
v 4.403053319420588 3.125000000000001 3.1990054896342293
v 4.835369185165698 1.9313562148434216 3.513101351629508
v 5.056356214843421 0.6533028954228342 3.673657826827957
v 5.056356214843421 -0.6533028954228334 3.673657826827957
v 4.835369185165699 -1.931356214843421 3.5131013516295084
v 4.4030533194205885 -3.1249999999999987 3.1990054896342297
v 3.7783028954228355 -4.1820662897428615 2.7450977372104814
v 2.9884225045862856 -5.0563562148434205 2.1712160412302324
v 2.0679337102571353 -5.709659110266256 1.5024417855977248
v 1.0570662897428635 -6.1134225045862856 0.7680036144190274
v 1.1936437851565782 6.1134225045862856 0.5314444531919684
v 2.3351196091634505 5.709659110266255 1.0396622336260264
v 3.3745395011028045 5.056356214843421 1.502441785597726
v 4.266475824006873 4.182066289742864 1.8995574220232343
v 4.971946680579412 3.125000000000001 2.2136532840185135
v 5.460119609163451 1.9313562148434216 2.4310018752152027
v 5.709659110266255 0.6533028954228342 2.5421040192237525
v 5.709659110266255 -0.6533028954228334 2.5421040192237525
v 5.460119609163452 -1.931356214843421 2.4310018752152027
v 4.971946680579413 -3.1249999999999987 2.2136532840185135
v 4.266475824006874 -4.1820662897428615 1.8995574220232347
v 3.374539501102805 -5.0563562148434205 1.502441785597726
v 2.33511960916345 -5.709659110266256 1.0396622336260262
v 1.1936437851565782 -6.1134225045862856 0.5314444531919684
v 1.278053319420587 6.1134225045862856 0.27165861920699835
v 2.5002495760022465 5.709659110266255 0.5314444531919679
v 3.6131729285840386 5.056356214843421 0.7680036144190272
v 4.5681832862593845 4.182066289742864 0.9709973324057566
v 5.3235421137497365 3.125000000000001 1.131553807604205
v 5.84623660567997 1.9313562148434216 1.2426559516127547
v 6.1134225045862856 0.6533028954228342 1.2994480676109952
v 6.1134225045862856 -0.6533028954228334 1.2994480676109952
v 5.846236605679971 -1.931356214843421 1.2426559516127549
v 5.323542113749737 -3.1249999999999987 1.1315538076042053
v 4.568183286259385 -4.1820662897428615 0.9709973324057568
v 3.613172928584039 -5.0563562148434205 0.7680036144190273
v 2.500249576002246 -5.709659110266256 0.5314444531919679
v 1.278053319420587 -6.1134225045862856 0.27165861920699835
v 1.306605790845668 6.1134225045862856 8.000652997532717e-17
v 2.556106638841174 5.709659110266255 1.5651639067680717e-16
v 3.6938933611588256 5.056356214843421 2.261857340567407e-16
v 4.670239218326903 4.182066289742864 2.859696754988239e-16
v 5.442473211359941 3.125000000000001 3.3325536988685838e-16
v 5.97684500917257 1.9313562148434216 3.6597620547415104e-16
v 6.25 0.6533028954228342 3.827021247335479e-16
v 6.25 -0.6533028954228334 3.827021247335479e-16
v 5.976845009172571 -1.931356214843421 3.659762054741511e-16
v 5.442473211359942 -3.1249999999999987 3.332553698868584e-16
v 4.670239218326904 -4.1820662897428615 2.8596967549882397e-16
v 3.693893361158826 -5.0563562148434205 2.2618573405674074e-16
v 2.5561066388411735 -5.709659110266256 1.5651639067680714e-16
v 1.306605790845668 -6.1134225045862856 8.000652997532717e-17
v 1.278053319420587 6.1134225045862856 -0.2716586192069982
v 2.5002495760022465 5.709659110266255 -0.5314444531919676
v 3.6131729285840386 5.056356214843421 -0.7680036144190268
v 4.5681832862593845 4.182066289742864 -0.970997332405756
v 5.3235421137497365 3.125000000000001 -1.1315538076042047
v 5.84623660567997 1.9313562148434216 -1.242655951612754
v 6.1134225045862856 0.6533028954228342 -1.2994480676109945
v 6.1134225045862856 -0.6533028954228334 -1.2994480676109945
v 5.846236605679971 -1.931356214843421 -1.2426559516127542
v 5.323542113749737 -3.1249999999999987 -1.1315538076042049
v 4.568183286259385 -4.1820662897428615 -0.9709973324057563
v 3.613172928584039 -5.0563562148434205 -0.7680036144190269
v 2.500249576002246 -5.709659110266256 -0.5314444531919675
v 1.278053319420587 -6.1134225045862856 -0.2716586192069982
v 1.1936437851565784 6.1134225045862856 -0.531444453191968
v 2.335119609163451 5.709659110266255 -1.0396622336260255
v 3.374539501102805 5.056356214843421 -1.5024417855977246
v 4.266475824006873 4.182066289742864 -1.8995574220232327
v 4.971946680579413 3.125000000000001 -2.2136532840185117
v 5.460119609163451 1.9313562148434216 -2.4310018752152005
v 5.709659110266256 0.6533028954228342 -2.5421040192237503
v 5.709659110266256 -0.6533028954228334 -2.5421040192237503
v 5.460119609163452 -1.931356214843421 -2.431001875215201
v 4.971946680579414 -3.1249999999999987 -2.2136532840185117
v 4.266475824006874 -4.1820662897428615 -1.8995574220232332
v 3.3745395011028054 -5.0563562148434205 -1.5024417855977248
v 2.3351196091634505 -5.709659110266256 -1.0396622336260253
v 1.1936437851565784 -6.1134225045862856 -0.531444453191968
v 1.0570662897428635 6.1134225045862856 -0.7680036144190272
v 2.067933710257136 5.709659110266255 -1.5024417855977246
v 2.9884225045862856 5.056356214843421 -2.1712160412302315
v 3.778302895422835 4.182066289742864 -2.7450977372104806
v 4.403053319420588 3.125000000000001 -3.199005489634229
v 4.835369185165698 1.9313562148434216 -3.5131013516295075
v 5.056356214843421 0.6533028954228342 -3.6736578268279563
v 5.056356214843421 -0.6533028954228334 -3.6736578268279563
v 4.835369185165699 -1.931356214843421 -3.513101351629508
v 4.4030533194205885 -3.1249999999999987 -3.1990054896342293
v 3.7783028954228355 -4.1820662897428615 -2.745097737210481
v 2.9884225045862856 -5.0563562148434205 -2.171216041230232
v 2.0679337102571353 -5.709659110266256 -1.5024417855977243
v 1.0570662897428635 -6.1134225045862856 -0.7680036144190272
v 0.8742899251005571 6.1134225045862856 -0.9709973324057568
v 1.7103691851656972 5.709659110266255 -1.8995574220232332
v 2.471697104577165 5.056356214843421 -2.745097737210481
v 3.1249999999999996 4.182066289742864 -3.4706641088412287
v 3.6417254000091184 3.125000000000001 -4.044545804821477
v 3.9992899251005563 1.9313562148434216 -4.4416614412469855
v 4.182066289742862 0.6533028954228342 -4.644655159233714
v 4.182066289742862 -0.6533028954228334 -4.644655159233714
v 3.9992899251005567 -1.931356214843421 -4.4416614412469855
v 3.641725400009119 -3.1249999999999987 -4.044545804821478
v 3.125 -4.1820662897428615 -3.4706641088412296
v 2.4716971045771654 -5.0563562148434205 -2.7450977372104814
v 1.710369185165697 -5.709659110266256 -1.899557422023233
v 0.8742899251005571 -6.1134225045862856 -0.9709973324057568
v 0.6533028954228339 6.1134225045862856 -1.1315538076042055
v 1.2780533194205868 5.709659110266255 -2.213653284018512
v 1.8469466805794126 5.056356214843421 -3.1990054896342293
v 2.335119609163451 4.182066289742864 -4.044545804821477
v 2.72123660567997 3.125000000000001 -4.7133200604539836
v 2.9884225045862847 1.9313562148434216 -5.176099612425682
v 3.1249999999999996 0.6533028954228342 -5.412658773652742
v 3.1249999999999996 -0.6533028954228334 -5.412658773652742
v 2.988422504586285 -1.931356214843421 -5.176099612425683
v 2.7212366056799704 -3.1249999999999987 -4.713320060453984
v 2.3351196091634514 -4.1820662897428615 -4.044545804821478
v 1.8469466805794128 -5.0563562148434205 -3.1990054896342297
v 1.2780533194205865 -5.709659110266256 -2.2136532840185117
v 0.6533028954228339 -6.1134225045862856 -1.1315538076042055
v 0.40376339432002967 6.1134225045862856 -1.242655951612755
v 0.789880390836549 5.709659110266255 -2.431001875215201
v 1.1414758240068728 5.056356214843421 -3.513101351629508
v 1.4431832862593839 4.182066289742864 -4.4416614412469855
v 1.6818167137406173 3.125000000000001 -5.176099612425682
v 1.8469466805794132 1.9313562148434216 -5.6843173928597395
v 1.931356214843422 0.6533028954228342 -5.944103226844709
v 1.931356214843422 -0.6533028954228334 -5.944103226844709
v 1.8469466805794135 -1.931356214843421 -5.68431739285974
v 1.6818167137406177 -3.1249999999999987 -5.176099612425683
v 1.443183286259384 -4.1820662897428615 -4.441661441246986
v 1.141475824006873 -5.0563562148434205 -3.5131013516295084
v 0.7898803908365489 -5.709659110266256 -2.4310018752152005
v 0.40376339432002967 -6.1134225045862856 -1.242655951612755
v 0.13657749541371508 6.1134225045862856 -1.2994480676109954
v 0.2671858989063155 5.709659110266255 -2.5421040192237507
v 0.3861169965165203 5.056356214843421 -3.6736578268279567
v 0.48817292858403954 4.182066289742864 -4.644655159233714
v 0.568893361158827 3.125000000000001 -5.412658773652741
v 0.6247504239977546 1.9313562148434216 -5.944103226844709
v 0.6533028954228358 0.6533028954228342 -6.215761846051708
v 0.6533028954228358 -0.6533028954228334 -6.215761846051708
v 0.6247504239977546 -1.931356214843421 -5.94410322684471
v 0.5688933611588272 -3.1249999999999987 -5.412658773652742
v 0.48817292858403966 -4.1820662897428615 -4.644655159233715
v 0.3861169965165203 -5.0563562148434205 -3.673657826827957
v 0.26718589890631544 -5.709659110266256 -2.5421040192237503
v 0.13657749541371508 -6.1134225045862856 -1.2994480676109954
v -0.13657749541371478 6.1134225045862856 -1.2994480676109954
v -0.2671858989063149 5.709659110266255 -2.5421040192237507
v -0.38611699651651943 5.056356214843421 -3.6736578268279567
v -0.48817292858403843 4.182066289742864 -4.644655159233714
v -0.5688933611588257 3.125000000000001 -5.412658773652741
v -0.6247504239977532 1.9313562148434216 -5.944103226844709
v -0.6533028954228344 0.6533028954228342 -6.215761846051708
v -0.6533028954228344 -0.6533028954228334 -6.215761846051708
v -0.6247504239977533 -1.931356214843421 -5.94410322684471
v -0.5688933611588258 -3.1249999999999987 -5.412658773652742
v -0.48817292858403855 -4.1820662897428615 -4.644655159233715
v -0.3861169965165195 -5.0563562148434205 -3.673657826827957
v -0.26718589890631483 -5.709659110266256 -2.5421040192237503
v -0.13657749541371478 -6.1134225045862856 -1.2994480676109954
v -0.40376339432002994 6.1134225045862856 -1.242655951612755
v -0.7898803908365496 5.709659110266255 -2.431001875215201
v -1.1414758240068736 5.056356214843421 -3.513101351629508
v -1.4431832862593847 4.182066289742864 -4.4416614412469855
v -1.6818167137406186 3.125000000000001 -5.176099612425682
v -1.8469466805794146 1.9313562148434216 -5.6843173928597395
v -1.9313562148434233 0.6533028954228342 -5.944103226844709
v -1.9313562148434233 -0.6533028954228334 -5.944103226844709
v -1.8469466805794148 -1.931356214843421 -5.68431739285974
v -1.6818167137406188 -3.1249999999999987 -5.176099612425683
v -1.443183286259385 -4.1820662897428615 -4.441661441246986
v -1.1414758240068736 -5.0563562148434205 -3.5131013516295084
v -0.7898803908365495 -5.709659110266256 -2.4310018752152005
v -0.40376339432002994 -6.1134225045862856 -1.242655951612755
v -0.6533028954228342 6.1134225045862856 -1.1315538076042053
v -1.2780533194205872 5.709659110266255 -2.2136532840185117
v -1.8469466805794132 5.056356214843421 -3.199005489634229
v -2.335119609163452 4.182066289742864 -4.044545804821477
v -2.721236605679971 3.125000000000001 -4.713320060453983
v -2.9884225045862856 1.9313562148434216 -5.1760996124256815
v -3.125000000000001 0.6533028954228342 -5.412658773652741
v -3.125000000000001 -0.6533028954228334 -5.412658773652741
v -2.988422504586286 -1.931356214843421 -5.176099612425682
v -2.7212366056799713 -3.1249999999999987 -4.7133200604539836
v -2.3351196091634523 -4.1820662897428615 -4.044545804821477
v -1.8469466805794135 -5.0563562148434205 -3.1990054896342293
v -1.278053319420587 -5.709659110266256 -2.2136532840185112
v -0.6533028954228342 -6.1134225045862856 -1.1315538076042053
v -0.8742899251005574 6.1134225045862856 -0.9709973324057567
v -1.7103691851656977 5.709659110266255 -1.899557422023233
v -2.471697104577166 5.056356214843421 -2.7450977372104806
v -3.1250000000000004 4.182066289742864 -3.4706641088412282
v -3.6417254000091197 3.125000000000001 -4.044545804821476
v -3.9992899251005576 1.9313562148434216 -4.441661441246985
v -4.182066289742864 0.6533028954228342 -4.644655159233714
v -4.182066289742864 -0.6533028954228334 -4.644655159233714
v -3.999289925100558 -1.931356214843421 -4.4416614412469855
v -3.64172540000912 -3.1249999999999987 -4.044545804821477
v -3.1250000000000013 -4.1820662897428615 -3.470664108841229
v -2.4716971045771663 -5.0563562148434205 -2.745097737210481
v -1.7103691851656975 -5.709659110266256 -1.8995574220232327
v -0.8742899251005574 -6.1134225045862856 -0.9709973324057567
v -1.0570662897428635 6.1134225045862856 -0.7680036144190275
v -2.067933710257136 5.709659110266255 -1.5024417855977252
v -2.988422504586285 5.056356214843421 -2.1712160412302324
v -3.7783028954228346 4.182066289742864 -2.7450977372104814
v -4.403053319420587 3.125000000000001 -3.1990054896342297
v -4.835369185165697 1.9313562148434216 -3.513101351629509
v -5.0563562148434205 0.6533028954228342 -3.6736578268279576
v -5.0563562148434205 -0.6533028954228334 -3.6736578268279576
v -4.835369185165698 -1.931356214843421 -3.5131013516295093
v -4.403053319420588 -3.1249999999999987 -3.1990054896342306
v -3.778302895422835 -4.1820662897428615 -2.7450977372104823
v -2.988422504586285 -5.0563562148434205 -2.1712160412302324
v -2.0679337102571353 -5.709659110266256 -1.502441785597725
v -1.0570662897428635 -6.1134225045862856 -0.7680036144190275
v -1.1936437851565784 6.1134225045862856 -0.531444453191968
v -2.335119609163451 5.709659110266255 -1.0396622336260257
v -3.374539501102805 5.056356214843421 -1.5024417855977248
v -4.266475824006873 4.182066289742864 -1.8995574220232332
v -4.971946680579413 3.125000000000001 -2.2136532840185117
v -5.460119609163451 1.9313562148434216 -2.431001875215201
v -5.709659110266256 0.6533028954228342 -2.5421040192237507
v -5.709659110266256 -0.6533028954228334 -2.5421040192237507
v -5.460119609163452 -1.931356214843421 -2.4310018752152014
v -4.971946680579414 -3.1249999999999987 -2.213653284018512
v -4.266475824006874 -4.1820662897428615 -1.8995574220232334
v -3.3745395011028054 -5.0563562148434205 -1.502441785597725
v -2.3351196091634505 -5.709659110266256 -1.0396622336260255
v -1.1936437851565784 -6.1134225045862856 -0.531444453191968
v -1.2780533194205868 6.1134225045862856 -0.2716586192069991
v -2.5002495760022465 5.709659110266255 -0.5314444531919693
v -3.613172928584038 5.056356214843421 -0.7680036144190292
v -4.568183286259384 4.182066289742864 -0.9709973324057591
v -5.323542113749736 3.125000000000001 -1.1315538076042082
v -5.8462366056799695 1.9313562148434216 -1.242655951612758
v -6.113422504586285 0.6533028954228342 -1.2994480676109987
v -6.113422504586285 -0.6533028954228334 -1.2994480676109987
v -5.84623660567997 -1.931356214843421 -1.2426559516127582
v -5.3235421137497365 -3.1249999999999987 -1.1315538076042084
v -4.5681832862593845 -4.1820662897428615 -0.9709973324057594
v -3.6131729285840386 -5.0563562148434205 -0.7680036144190293
v -2.500249576002246 -5.709659110266256 -0.5314444531919692
v -1.2780533194205868 -6.1134225045862856 -0.2716586192069991
v -1.306605790845668 6.1134225045862856 -2.400195899259815e-16
v -2.556106638841174 5.709659110266255 -4.695491720304214e-16
v -3.6938933611588256 5.056356214843421 -6.785572021702221e-16
v -4.670239218326903 4.182066289742864 -8.5790902649647175e-16
v -5.442473211359941 3.125000000000001 -9.99766109660575e-16
v -5.97684500917257 1.9313562148434216 -1.097928616422453e-15
v -6.25 0.6533028954228342 -1.1481063742006436e-15
v -6.25 -0.6533028954228334 -1.1481063742006436e-15
v -5.976845009172571 -1.931356214843421 -1.0979286164224532e-15
v -5.442473211359942 -3.1249999999999987 -9.997661096605752e-16
v -4.670239218326904 -4.1820662897428615 -8.579090264964718e-16
v -3.693893361158826 -5.0563562148434205 -6.785572021702221e-16
v -2.5561066388411735 -5.709659110266256 -4.695491720304213e-16
v -1.306605790845668 -6.1134225045862856 -2.400195899259815e-16
v -1.2780533194205868 6.1134225045862856 0.2716586192069986
v -2.5002495760022465 5.709659110266255 0.5314444531919684
v -3.613172928584038 5.056356214843421 0.7680036144190279
v -4.568183286259384 4.182066289742864 0.9709973324057575
v -5.323542113749736 3.125000000000001 1.1315538076042062
v -5.8462366056799695 1.9313562148434216 1.242655951612756
v -6.113422504586285 0.6533028954228342 1.2994480676109965
v -6.113422504586285 -0.6533028954228334 1.2994480676109965
v -5.84623660567997 -1.931356214843421 1.242655951612756
v -5.3235421137497365 -3.1249999999999987 1.1315538076042064
v -4.5681832862593845 -4.1820662897428615 0.9709973324057577
v -3.6131729285840386 -5.0563562148434205 0.768003614419028
v -2.500249576002246 -5.709659110266256 0.5314444531919683
v -1.2780533194205868 -6.1134225045862856 0.2716586192069986
v -1.1936437851565787 6.1134225045862856 0.5314444531919675
v -2.335119609163451 5.709659110266255 1.0396622336260248
v -3.3745395011028054 5.056356214843421 1.5024417855977235
v -4.266475824006874 4.182066289742864 1.8995574220232316
v -4.971946680579414 3.125000000000001 2.21365328401851
v -5.460119609163452 1.9313562148434216 2.4310018752151987
v -5.709659110266257 0.6533028954228342 2.5421040192237485
v -5.709659110266257 -0.6533028954228334 2.5421040192237485
v -5.460119609163453 -1.931356214843421 2.431001875215199
v -4.971946680579415 -3.1249999999999987 2.2136532840185104
v -4.266475824006875 -4.1820662897428615 1.8995574220232319
v -3.374539501102806 -5.0563562148434205 1.5024417855977237
v -2.3351196091634505 -5.709659110266256 1.0396622336260246
v -1.1936437851565787 -6.1134225045862856 0.5314444531919675
v -1.0570662897428638 6.1134225045862856 0.7680036144190271
v -2.0679337102571362 5.709659110266255 1.5024417855977243
v -2.9884225045862856 5.056356214843421 2.171216041230231
v -3.7783028954228355 4.182066289742864 2.74509773721048
v -4.403053319420588 3.125000000000001 3.199005489634228
v -4.835369185165699 1.9313562148434216 3.5131013516295067
v -5.056356214843422 0.6533028954228342 3.673657826827956
v -5.056356214843422 -0.6533028954228334 3.673657826827956
v -4.8353691851657 -1.931356214843421 3.513101351629507
v -4.4030533194205885 -3.1249999999999987 3.1990054896342284
v -3.778302895422836 -4.1820662897428615 2.7450977372104806
v -2.988422504586286 -5.0563562148434205 2.1712160412302315
v -2.067933710257136 -5.709659110266256 1.5024417855977241
v -1.0570662897428638 -6.1134225045862856 0.7680036144190271
v -0.8742899251005581 6.1134225045862856 0.9709973324057559
v -1.7103691851656992 5.709659110266255 1.8995574220232316
v -2.471697104577168 5.056356214843421 2.745097737210479
v -3.125000000000003 4.182066289742864 3.4706641088412256
v -3.641725400009123 3.125000000000001 4.044545804821474
v -3.9992899251005607 1.9313562148434216 4.441661441246981
v -4.182066289742868 0.6533028954228342 4.644655159233711
v -4.182066289742868 -0.6533028954228334 4.644655159233711
v -3.9992899251005616 -1.931356214843421 4.441661441246982
v -3.6417254000091233 -3.1249999999999987 4.044545804821475
v -3.125000000000004 -4.1820662897428615 3.4706641088412264
v -2.471697104577168 -5.0563562148434205 2.745097737210479
v -1.7103691851656988 -5.709659110266256 1.8995574220232312
v -0.8742899251005581 -6.1134225045862856 0.9709973324057559
v -0.6533028954228346 6.1134225045862856 1.131553807604205
v -1.278053319420588 5.709659110266255 2.2136532840185112
v -1.8469466805794144 5.056356214843421 3.1990054896342284
v -2.3351196091634536 4.182066289742864 4.0445458048214755
v -2.7212366056799726 3.125000000000001 4.713320060453982
v -2.9884225045862878 1.9313562148434216 5.176099612425681
v -3.1250000000000027 0.6533028954228342 5.41265877365274
v -3.1250000000000027 -0.6533028954228334 5.41265877365274
v -2.988422504586288 -1.931356214843421 5.1760996124256815
v -2.721236605679973 -3.1249999999999987 4.713320060453983
v -2.335119609163454 -4.1820662897428615 4.044545804821476
v -1.8469466805794146 -5.0563562148434205 3.1990054896342284
v -1.2780533194205879 -5.709659110266256 2.213653284018511
v -0.6533028954228346 -6.1134225045862856 1.131553807604205
v -0.4037633943200299 6.1134225045862856 1.242655951612755
v -0.7898803908365495 5.709659110266255 2.431001875215201
v -1.1414758240068734 5.056356214843421 3.513101351629508
v -1.4431832862593845 4.182066289742864 4.4416614412469855
v -1.6818167137406181 3.125000000000001 5.176099612425682
v -1.8469466805794141 1.9313562148434216 5.6843173928597395
v -1.931356214843423 0.6533028954228342 5.944103226844709
v -1.931356214843423 -0.6533028954228334 5.944103226844709
v -1.8469466805794146 -1.931356214843421 5.68431739285974
v -1.6818167137406186 -3.1249999999999987 5.176099612425683
v -1.4431832862593847 -4.1820662897428615 4.441661441246986
v -1.1414758240068734 -5.0563562148434205 3.5131013516295084
v -0.7898803908365493 -5.709659110266256 2.4310018752152005
v -0.4037633943200299 -6.1134225045862856 1.242655951612755
v -0.1365774954137158 6.1134225045862856 1.2994480676109954
v -0.26718589890631694 5.709659110266255 2.5421040192237507
v -0.38611699651652237 5.056356214843421 3.6736578268279567
v -0.4881729285840422 4.182066289742864 4.644655159233714
v -0.5688933611588302 3.125000000000001 5.412658773652741
v -0.6247504239977579 1.9313562148434216 5.944103226844709
v -0.6533028954228394 0.6533028954228342 6.215761846051708
v -0.6533028954228394 -0.6533028954228334 6.215761846051708
v -0.624750423997758 -1.931356214843421 5.94410322684471
v -0.5688933611588303 -3.1249999999999987 5.412658773652742
v -0.4881729285840423 -4.1820662897428615 4.644655159233715
v -0.3861169965165224 -5.0563562148434205 3.673657826827957
v -0.2671858989063169 -5.709659110266256 2.5421040192237503
v -0.1365774954137158 -6.1134225045862856 1.2994480676109954
vt 0.08428741401390676 0.9182040453965877
vt 0.08846312795469453 0.9190866383580866
vt 0.08215342963890676 0.9386196703965878
vt 0.08428741401390676 0.9182040453965877
vt 0.08632823432640677 0.8977884203965878
vt 0.09451262390507306 0.8994412192166825
vt 0.08847092936064398 0.9190488865618909
vt 0.08632823432640677 0.8977884203965878
vt 0.08854796252338076 0.8774089249988656
vt 0.10037541056502813 0.8797974222691962
vt 0.09451262390507306 0.8994412192166825
vt 0.08854796252338076 0.8774089249988656
vt 0.09102614512810212 0.8570816232480938
vt 0.10597974281723585 0.8601014316747595
vt 0.10037541056502813 0.8797974222691962
vt 0.307221484375 0.77734375
vt 0.30596025390625 0.756928125
vt 0.32373818359375 0.756928125
vt 0.322476953125 0.77734375
vt 0.30596025390625 0.756928125
vt 0.3050875 0.7365125
vt 0.32461093750000003 0.7365125
vt 0.32373818359375 0.756928125
vt 0.3050875 0.7365125
vt 0.30464140625 0.7160968750000001
vt 0.32505703125 0.7160968750000001
vt 0.32461093750000003 0.7365125
vt 0.30464140625 0.7160968750000001
vt 0.30464140625 0.69568125
vt 0.32505703125 0.69568125
vt 0.32505703125 0.7160968750000001
vt 0.30464140625 0.69568125
vt 0.3050875 0.675265625
vt 0.32461093750000003 0.675265625
vt 0.32505703125 0.69568125
vt 0.3050875 0.675265625
vt 0.30596025390625 0.65485
vt 0.32373818359375 0.65485
vt 0.32461093750000003 0.675265625
vt 0.30596025390625 0.65485
vt 0.307221484375 0.634434375
vt 0.322476953125 0.634434375
vt 0.32373818359375 0.65485
vt 0.19875545460851513 0.8918784555863443
vt 0.19609377326996552 0.8715743663937385
vt 0.20789916552458423 0.8690791389285896
vt 0.21368116687682243 0.888723706774485
vt 0.19609377326996552 0.8715743663937385
vt 0.19369006437421585 0.8512157512768227
vt 0.20185919172954614 0.8494890970070041
vt 0.20789916552458423 0.8690791389285896
vt 0.19369006437421585 0.8512157512768227
vt 0.19146492973609322 0.8308193921034123
vt 0.195640643676881 0.8299367991419134
vt 0.20185919172954614 0.8494890970070041
vt 0.195640643676881 0.8299367991419134
vt 0.19146492973609322 0.8308193921034123
vt 0.18933094536109324 0.8104037671034123
vt 0.08846312795469453 0.9190866383580866
vt 0.09236606575844535 0.9208136686852753
vt 0.08215342963890676 0.9386196703965878
vt 0.08847092936064398 0.9190488865618909
vt 0.09451262390507306 0.8994412192166825
vt 0.1022078927434042 0.9026814065910326
vt 0.09240442677947934 0.9207051339187166
vt 0.09451262390507306 0.8994412192166825
vt 0.10072253432621373 0.8799043812305695
vt 0.11184314283061744 0.8845868499042531
vt 0.1022078927434042 0.9026814065910326
vt 0.10072253432621373 0.8799043812305695
vt 0.10717545323698591 0.8604698649510149
vt 0.1212353844281992 0.8663899715109151
vt 0.11184314283061744 0.8845868499042531
vt 0.327637109375 0.77734375
vt 0.32637587890624997 0.756928125
vt 0.34415380859375 0.756928125
vt 0.342892578125 0.77734375
vt 0.32637587890624997 0.756928125
vt 0.325503125 0.7365125
vt 0.3450265625 0.7365125
vt 0.34415380859375 0.756928125
vt 0.325503125 0.7365125
vt 0.32505703125 0.7160968750000001
vt 0.34547265625 0.7160968750000001
vt 0.3450265625 0.7365125
vt 0.32505703125 0.7160968750000001
vt 0.32505703125 0.69568125
vt 0.34547265625 0.69568125
vt 0.34547265625 0.7160968750000001
vt 0.32505703125 0.69568125
vt 0.325503125 0.675265625
vt 0.3450265625 0.675265625
vt 0.34547265625 0.69568125
vt 0.325503125 0.675265625
vt 0.32637587890624997 0.65485
vt 0.34415380859375 0.65485
vt 0.3450265625 0.675265625
vt 0.32637587890624997 0.65485
vt 0.327637109375 0.634434375
vt 0.342892578125 0.634434375
vt 0.34415380859375 0.65485
vt 0.21540026492789804 0.888168391549682
vt 0.2085973411524243 0.8688536092937421
vt 0.2196315528757412 0.8639710261625235
vt 0.22935096353559384 0.8819952776563975
vt 0.2085973411524243 0.8688536092937421
vt 0.202035537916721 0.849432132412976
vt 0.20967102167611817 0.846053469293476
vt 0.2196315528757412 0.8639710261625235
vt 0.202035537916721 0.849432132412976
vt 0.195640643676881 0.8299367991419134
vt 0.1995435814806318 0.8282097688147247
vt 0.20967102167611817 0.846053469293476
vt 0.1995435814806318 0.8282097688147247
vt 0.195640643676881 0.8299367991419134
vt 0.18933094536109324 0.8104037671034122
vt 0.09236606575844535 0.9208136686852753
vt 0.0958274985503509 0.923310474700587
vt 0.08215342963890676 0.9386196703965878
vt 0.09240442677947934 0.9207051339187166
vt 0.1022078927434042 0.9026814065910326
vt 0.10910949707339852 0.9073807506290118
vt 0.09593223631910593 0.9231072407238142
vt 0.1022078927434042 0.9026814065910326
vt 0.11216222535636716 0.8847604052751261
vt 0.122135891178653 0.8915515345224319
vt 0.10910949707339852 0.9073807506290118
vt 0.11216222535636716 0.8847604052751261
vt 0.12233450336922469 0.8669878042972611
vt 0.13494433988401294 0.8755739180778105
vt 0.122135891178653 0.8915515345224319
vt 0.004412024135112824 0.6376953125
vt 0.0006475133942816513 0.6175901662603405
vt 0.018290260603390826 0.615401958114582
vt 0.019551491072140825 0.6358175831145819
vt 0.34679150390625 0.756928125
vt 0.34591875 0.7365125
vt 0.36544218749999996 0.7365125
vt 0.36456943359375 0.756928125
vt 0.34591875 0.7365125
vt 0.34547265625 0.7160968750000001
vt 0.36588828125 0.7160968750000001
vt 0.36544218749999996 0.7365125
vt 0.34547265625 0.7160968750000001
vt 0.34547265625 0.69568125
vt 0.36588828125 0.69568125
vt 0.36588828125 0.7160968750000001
vt 0.34547265625 0.69568125
vt 0.34591875 0.675265625
vt 0.36544218749999996 0.675265625
vt 0.36588828125 0.69568125
vt 0.34591875 0.675265625
vt 0.34679150390625 0.65485
vt 0.36456943359375 0.65485
vt 0.36544218749999996 0.675265625
vt 0.0006475133942816513 0.5111356249688234
vt 0.004412024135112824 0.49103047872916383
vt 0.019551491072140825 0.4929082081145819
vt 0.018290260603390826 0.513323833114582
vt 0.2309180660099578 0.8810964656944431
vt 0.22026799868710387 0.8636059925302331
vt 0.2300540071280307 0.8565471338985311
vt 0.24329064483615948 0.8721718581416343
vt 0.22026799868710387 0.8636059925302331
vt 0.20983177605897227 0.84596126858254
vt 0.2166035247251796 0.841076660438911
vt 0.2300540071280307 0.8565471338985311
vt 0.20983177605897227 0.84596126858254
vt 0.1995435814806318 0.8282097688147247
vt 0.20300501427253737 0.825712962799413
vt 0.2166035247251796 0.841076660438911
vt 0.20300501427253737 0.825712962799413
vt 0.1995435814806318 0.8282097688147247
vt 0.18933094536109324 0.8104037671034122
vt 0.0958274985503509 0.923310474700587
vt 0.09869778426856707 0.9264691163622482
vt 0.08215342963890676 0.9386196703965878
vt 0.09593223631910593 0.9231072407238142
vt 0.10910949707339852 0.9073807506290118
vt 0.11494430276133438 0.9133532726506639
vt 0.09891474331074977 0.9261601425066713
vt 0.10910949707339852 0.9073807506290118
vt 0.12241430463272915 0.891784817769981
vt 0.13084631540688096 0.900415845558885
vt 0.11494430276133438 0.9133532726506639
vt 0.12241430463272915 0.891784817769981
vt 0.13590336921378407 0.8763774908695287
vt 0.14656407103070324 0.8872898125085276
vt 0.13084631540688096 0.900415845558885
vt 0.019551491072140825 0.6358175831145819
vt 0.018290260603390826 0.615401958114582
vt 0.036068190290890825 0.615401958114582
vt 0.034806959822140826 0.6358175831145819
vt 0.018290260603390826 0.615401958114582
vt 0.017417506697140824 0.5949863331145819
vt 0.03694094419714083 0.5949863331145819
vt 0.036068190290890825 0.615401958114582
vt 0.017417506697140824 0.5949863331145819
vt 0.016971412947140826 0.5745707081145819
vt 0.03738703794714082 0.5745707081145819
vt 0.03694094419714082 0.5949863331145819
vt 0.016971412947140826 0.5745707081145819
vt 0.016971412947140826 0.554155083114582
vt 0.03738703794714082 0.554155083114582
vt 0.03738703794714082 0.5745707081145819
vt 0.016971412947140826 0.554155083114582
vt 0.017417506697140824 0.5337394581145819
vt 0.03694094419714082 0.5337394581145819
vt 0.03738703794714082 0.554155083114582
vt 0.017417506697140824 0.5337394581145819
vt 0.018290260603390826 0.513323833114582
vt 0.036068190290890825 0.513323833114582
vt 0.03694094419714083 0.5337394581145819
vt 0.018290260603390826 0.513323833114582
vt 0.019551491072140825 0.4929082081145819
vt 0.034806959822140826 0.4929082081145819
vt 0.036068190290890825 0.513323833114582
vt 0.24463800393702284 0.8709684062059797
vt 0.23060120877576845 0.8560583771285346
vt 0.23871595256973127 0.8471284062693109
vt 0.2548975809495813 0.8596781269222061
vt 0.23060120877576845 0.8560583771285346
vt 0.2167417376910101 0.840953209562931
vt 0.22235700011338522 0.8347738241045742
vt 0.23871595256973127 0.8471284062693109
vt 0.2167417376910101 0.840953209562931
vt 0.20300501427253737 0.825712962799413
vt 0.20587529999075352 0.822554321137752
vt 0.22235700011338522 0.8347738241045742
vt 0.20587529999075352 0.822554321137752
vt 0.20300501427253737 0.825712962799413
vt 0.18933094536109324 0.8104037671034122
vt 0.09869778426856707 0.9264691163622482
vt 0.1008528368774036 0.9301530416470665
vt 0.08215342963890676 0.9386196703965878
vt 0.09891474331074977 0.9261601425066713
vt 0.11494430276133438 0.9133532726506639
vt 0.11948139471547252 0.9203626073776393
vt 0.10123391368225448 0.9297430192892179
vt 0.11494430276133438 0.9133532726506639
vt 0.13107304145007437 0.9006996243923725
vt 0.1376296965105352 0.9108289738683447
vt 0.11948139471547252 0.9203626073776393
vt 0.13107304145007437 0.9006996243923725
vt 0.14734505672683973 0.8882673235465118
vt 0.15563472171757242 0.9010739929466193
vt 0.1376296965105352 0.9108289738683447
vt 0.034806959822140826 0.6358175831145819
vt 0.036068190290890825 0.615401958114582
vt 0.0537109375 0.6175901662603405
vt 0.04994642675916883 0.6376953125
vt 0.23960009765625 0.979584375
vt 0.23872734375 0.95916875
vt 0.25825078125 0.95916875
vt 0.25737802734375 0.979584375
vt 0.23872734375 0.95916875
vt 0.23828125 0.938753125
vt 0.258696875 0.938753125
vt 0.25825078125 0.95916875
vt 0.23828125 0.938753125
vt 0.23828125 0.9183375
vt 0.258696875 0.9183375
vt 0.258696875 0.938753125
vt 0.23828125 0.9183375
vt 0.23872734375 0.897921875
vt 0.25825078125 0.897921875
vt 0.258696875 0.9183375
vt 0.23872734375 0.897921875
vt 0.23960009765625 0.87750625
vt 0.25737802734375 0.87750625
vt 0.25825078125 0.897921875
vt 0.036068190290890825 0.513323833114582
vt 0.034806959822140826 0.4929082081145819
vt 0.04994642675916883 0.49103047872916383
vt 0.0537109375 0.5111356249688234
vt 0.25596694866058234 0.8582220617427658
vt 0.23915025384332814 0.8465370559270802
vt 0.24524292248332963 0.8361220266313274
vt 0.26366998953423254 0.8450542035995028
vt 0.23915025384332814 0.8465370559270802
vt 0.22246669654309434 0.8346244599990704
vt 0.22668271791540634 0.8274174397754761
vt 0.24524292248332963 0.8361220266313274
vt 0.22246669654309434 0.8346244599990704
vt 0.20587529999075352 0.822554321137752
vt 0.20803035259959007 0.8188703958529336
vt 0.22668271791540634 0.8274174397754761
vt 0.20803035259959007 0.8188703958529336
vt 0.20587529999075352 0.822554321137752
vt 0.18933094536109324 0.8104037671034122
vt 0.1008528368774036 0.9301530416470665
vt 0.10219949076159188 0.9342029898649054
vt 0.08215342963890676 0.9386196703965878
vt 0.10123391368225448 0.9297430192892179
vt 0.11948139471547252 0.9203626073776393
vt 0.1225412154559494 0.9281313571967051
vt 0.10279796521022877 0.9337140770914688
vt 0.11948139471547252 0.9203626073776393
vt 0.13779576235645608 0.9111520176112283
vt 0.1422175790939045 0.9223788151567738
vt 0.1225412154559494 0.9281313571967051
vt 0.13779576235645608 0.9111520176112283
vt 0.15620675591555994 0.9021867567864721
vt 0.1617973168137393 0.9163809441751878
vt 0.1422175790939045 0.9223788151567738
vt 0.261276953125 1
vt 0.26001572265625 0.979584375
vt 0.27779365234375 0.979584375
vt 0.276532421875 1
vt 0.26001572265625 0.979584375
vt 0.25914296875 0.95916875
vt 0.27866640625 0.95916875
vt 0.27779365234375 0.979584375
vt 0.25914296875 0.95916875
vt 0.258696875 0.938753125
vt 0.2791125 0.938753125
vt 0.27866640625 0.95916875
vt 0.258696875 0.938753125
vt 0.258696875 0.9183375
vt 0.2791125 0.9183375
vt 0.2791125 0.938753125
vt 0.258696875 0.9183375
vt 0.25914296875 0.897921875
vt 0.27866640625 0.897921875
vt 0.2791125 0.9183375
vt 0.25914296875 0.897921875
vt 0.26001572265625 0.87750625
vt 0.27779365234375 0.87750625
vt 0.27866640625 0.897921875
vt 0.26001572265625 0.87750625
vt 0.261276953125 0.857090625
vt 0.276532421875 0.857090625
vt 0.27779365234375 0.87750625
vt 0.26441513575391795 0.8434084726921554
vt 0.24554554799642123 0.8354536475305693
vt 0.249352747809311 0.8240038145198666
vt 0.2692286284129962 0.8289322986394843
vt 0.24554554799642123 0.8354536475305693
vt 0.2267591554953612 0.8272486196372386
vt 0.22939367194918914 0.8193255331319935
vt 0.24935274780931102 0.8240038145198666
vt 0.2267591554953612 0.8272486196372386
vt 0.20803035259959007 0.8188703958529336
vt 0.20937700648377836 0.8148204476350946
vt 0.22939367194918914 0.8193255331319935
vt 0.20937700648377836 0.8148204476350946
vt 0.20803035259959007 0.8188703958529336
vt 0.18933094536109324 0.8104037671034122
vt 0.10219949076159188 0.9342029898649054
vt 0.1026795283921677 0.9384438766971857
vt 0.08215342963890676 0.9386196703965878
vt 0.10279796521022877 0.9337140770914688
vt 0.1225412154559494 0.9281313571967051
vt 0.1240026711837969 0.9363520702965906
vt 0.10354499984332641 0.9379161594928419
vt 0.1225412154559494 0.9281313571967051
vt 0.14231641261108927 0.9227283392058442
vt 0.14442839561484813 0.9346082791964366
vt 0.1240026711837969 0.9363520702965906
vt 0.14231641261108927 0.9227283392058442
vt 0.16213776099974014 0.9175849226812954
vt 0.16480796881238838 0.9326048866299705
vt 0.14442839561484813 0.9346082791964366
vt 0.281692578125 1
vt 0.28043134765625 0.979584375
vt 0.29820927734374997 0.979584375
vt 0.296948046875 1
vt 0.28043134765625 0.979584375
vt 0.27955859375 0.95916875
vt 0.29908203125 0.95916875
vt 0.29820927734374997 0.979584375
vt 0.27955859375 0.95916875
vt 0.2791125 0.938753125
vt 0.299528125 0.938753125
vt 0.29908203125 0.95916875
vt 0.2791125 0.938753125
vt 0.2791125 0.9183375
vt 0.299528125 0.9183375
vt 0.299528125 0.938753125
vt 0.2791125 0.9183375
vt 0.27955859375 0.897921875
vt 0.29908203125 0.897921875
vt 0.299528125 0.9183375
vt 0.27955859375 0.897921875
vt 0.28043134765625 0.87750625
vt 0.29820927734374997 0.87750625
vt 0.29908203125 0.897921875
vt 0.28043134765625 0.87750625
vt 0.281692578125 0.857090625
vt 0.296948046875 0.857090625
vt 0.29820927734374997 0.87750625
vt 0.2696173395398337 0.827168049006359
vt 0.24951061468308147 0.8232873015237038
vt 0.2508677556669431 0.8112976553763744
vt 0.27133319068613687 0.8120093821248039
vt 0.24951061468308147 0.8232873015237038
vt 0.2294335461873615 0.8191445552664018
vt 0.23037266428671704 0.8108479274025917
vt 0.2508677556669431 0.8112976553763744
vt 0.2294335461873615 0.8191445552664018
vt 0.20937700648377836 0.8148204476350946
vt 0.20985704411435419 0.8105795608028143
vt 0.23037266428671704 0.8108479274025917
vt 0.20985704411435419 0.8105795608028143
vt 0.20937700648377836 0.8148204476350946
vt 0.18933094536109324 0.8104037671034122
vt 0.10267952839216768 0.9384438766971857
vt 0.10227219714294397 0.9426923633106025
vt 0.08215342963890676 0.9386196703965878
vt 0.10354499984332641 0.9379161594928419
vt 0.1240026711837969 0.9363520702965906
vt 0.12380792412317161 0.9446994082134037
vt 0.103445453345811 0.9421829671690571
vt 0.1240026711837969 0.9363520702965906
vt 0.14445608542185442 0.9349704509783104
vt 0.14417465200294521 0.9470333793797794
vt 0.12380792412317161 0.9446994082134037
vt 0.14445608542185442 0.9349704509783104
vt 0.1649033497527343 0.9338524318047717
vt 0.16454752978989642 0.9491037504014135
vt 0.14417465200294521 0.9470333793797794
vt 0.302108203125 1
vt 0.30084697265625 0.979584375
vt 0.31862490234374996 0.979584375
vt 0.317363671875 1
vt 0.30084697265625 0.979584375
vt 0.29997421874999997 0.95916875
vt 0.31949765625 0.95916875
vt 0.31862490234374996 0.979584375
vt 0.29997421874999997 0.95916875
vt 0.299528125 0.938753125
vt 0.31994374999999997 0.938753125
vt 0.31949765625 0.95916875
vt 0.299528125 0.938753125
vt 0.299528125 0.9183375
vt 0.31994374999999997 0.9183375
vt 0.31994374999999997 0.938753125
vt 0.299528125 0.9183375
vt 0.29997421874999997 0.897921875
vt 0.31949765625 0.897921875
vt 0.31994374999999997 0.9183375
vt 0.29997421874999997 0.897921875
vt 0.30084697265625 0.87750625
vt 0.31862490234374996 0.87750625
vt 0.31949765625 0.897921875
vt 0.30084697265625 0.87750625
vt 0.302108203125 0.857090625
vt 0.317363671875 0.857090625
vt 0.31862490234374996 0.87750625
vt 0.2713486622527343 0.8102028844805383
vt 0.25087403911931283 0.8105639842363325
vt 0.2497224503747681 0.7985528523266545
vt 0.26989269349864475 0.7950170528678363
vt 0.25087403911931283 0.8105639842363325
vt 0.23037425137000025 0.8106626157087606
vt 0.22957737186678254 0.8023511200688389
vt 0.2497224503747681 0.7985528523266545
vt 0.23037425137000025 0.8106626157087606
vt 0.20985704411435419 0.8105795608028143
vt 0.20944971286513048 0.8063310741893975
vt 0.22957737186678254 0.8023511200688389
vt 0.20944971286513048 0.8063310741893975
vt 0.20985704411435419 0.8105795608028143
vt 0.18933094536109324 0.8104037671034122
vt 0.10227219714294397 0.9426923633106025
vt 0.10099510645245434 0.9467647823238232
vt 0.08215342963890676 0.9386196703965878
vt 0.103445453345811 0.9421829671690571
vt 0.12380792412317161 0.9446994082134037
vt 0.12196468147766787 0.952843021248469
vt 0.10250326531564613 0.9463456392636125
vt 0.12380792412317161 0.9446994082134037
vt 0.14413010226305334 0.9473938657812888
vt 0.1414663902771685 0.9591623867097869
vt 0.12196468147766787 0.952843021248469
vt 0.1441301022630533 0.9473938657812888
vt 0.16439407274044543 0.9503454900765971
vt 0.16102630673915874 0.9652245854436818
vt 0.1414663902771685 0.9591623867097869
vt 0.322523828125 1
vt 0.32126259765625 0.979584375
vt 0.33904052734375 0.979584375
vt 0.33777929687499997 1
vt 0.32126259765625 0.979584375
vt 0.32038984375 0.95916875
vt 0.33991328125 0.95916875
vt 0.33904052734375 0.979584375
vt 0.32038984375 0.95916875
vt 0.31994374999999997 0.938753125
vt 0.340359375 0.938753125
vt 0.33991328125 0.95916875
vt 0.31994374999999997 0.938753125
vt 0.31994374999999997 0.9183375
vt 0.340359375 0.9183375
vt 0.340359375 0.938753125
vt 0.31994374999999997 0.9183375
vt 0.32038984375 0.897921875
vt 0.33991328125 0.897921875
vt 0.340359375 0.9183375
vt 0.32038984375 0.897921875
vt 0.32126259765625 0.87750625
vt 0.33904052734375 0.87750625
vt 0.33991328125 0.897921875
vt 0.32126259765625 0.87750625
vt 0.322523828125 0.857090625
vt 0.33777929687499997 0.857090625
vt 0.33904052734375 0.87750625
vt 0.26953425664985897 0.7932464043613442
vt 0.24957687876424509 0.7978337405622438
vt 0.24596634491069586 0.7863203791208306
vt 0.2649694113426668 0.7786899104804801
vt 0.24957687876424509 0.7978337405622438
vt 0.2295406031835845 0.802169485802689
vt 0.22704217617377165 0.7942024387216353
vt 0.24596634491069586 0.7863203791208306
vt 0.2295406031835845 0.802169485802689
vt 0.20944971286513048 0.8063310741893975
vt 0.20817262217464086 0.8022586551761768
vt 0.22704217617377165 0.7942024387216353
vt 0.20817262217464086 0.8022586551761768
vt 0.20944971286513048 0.8063310741893975
vt 0.18933094536109324 0.8104037671034122
vt 0.10099510645245434 0.9467647823238232
vt 0.09890346654593668 0.9504850779777249
vt 0.08215342963890676 0.9386196703965878
vt 0.10250326531564613 0.9463456392636125
vt 0.12196468147766787 0.952843021248469
vt 0.11854589041422631 0.9604606222080638
vt 0.10075572327311222 0.9502394361330644
vt 0.12196468147766787 0.952843021248469
vt 0.14135136406661858 0.9595069213174597
vt 0.13641079112841142 0.9705152901989289
vt 0.11854589041422631 0.9604606222080638
vt 0.36133668843427535 0.8193359375
vt 0.3458518552153544 0.8059359178854071
vt 0.35670253825365683 0.7952124853946174
vt 0.36991896358436605 0.8108543103190647
vt 0.34293945312499996 1
vt 0.34167822265625 0.979584375
vt 0.35945615234375 0.979584375
vt 0.358194921875 1
vt 0.34167822265625 0.979584375
vt 0.34080546874999995 0.95916875
vt 0.36032890625 0.95916875
vt 0.35945615234375 0.979584375
vt 0.34080546874999995 0.95916875
vt 0.340359375 0.938753125
vt 0.36077499999999996 0.938753125
vt 0.36032890625 0.95916875
vt 0.340359375 0.938753125
vt 0.340359375 0.9183375
vt 0.36077499999999996 0.9183375
vt 0.36077499999999996 0.938753125
vt 0.340359375 0.9183375
vt 0.34080546874999995 0.897921875
vt 0.36032890625 0.897921875
vt 0.36077499999999996 0.9183375
vt 0.34080546874999995 0.897921875
vt 0.34167822265625 0.87750625
vt 0.35945615234375 0.87750625
vt 0.36032890625 0.897921875
vt 0.34167822265625 0.87750625
vt 0.34293945312499996 0.857090625
vt 0.358194921875 0.857090625
vt 0.35945615234375 0.87750625
vt 0.27260966771535444 0.8092984571145929
vt 0.28809450093427535 0.7958984375
vt 0.2966767760843661 0.8043800646809353
vt 0.28346035075365683 0.8200218896053826
vt 0.2456752114797766 0.7856469148315728
vt 0.22696864128017963 0.794032334159297
vt 0.222876676883162 0.7867541610307827
vt 0.23976182040414262 0.7751290608501346
vt 0.22696864128017963 0.794032334159297
vt 0.20817262217464083 0.8022586551761768
vt 0.20608098226812321 0.7985383595222753
vt 0.222876676883162 0.7867541610307827
vt 0.20608098226812321 0.7985383595222753
vt 0.20817262217464086 0.8022586551761768
vt 0.18933094536109324 0.8104037671034122
vt 0.09890346654593668 0.9504850779777249
vt 0.09608770162835568 0.9536924172457002
vt 0.08215342963890676 0.9386196703965878
vt 0.10075572327311222 0.9502394361330644
vt 0.11854589041422631 0.9604606222080638
vt 0.11368685114578878 0.9672507410658504
vt 0.09827198699021406 0.9537102589934235
vt 0.11854589041422631 0.9604606222080638
vt 0.1362298406618584 0.9708302378987966
vt 0.1292079321948455 0.980642793522544
vt 0.11368685114578878 0.9672507410658504
vt 0.36991896358436605 0.8108543103190647
vt 0.35670253825365683 0.7952124853946174
vt 0.369086645425711 0.7863038818938828
vt 0.3797140902933118 0.8038081099852719
vt 0.35670253825365683 0.7952124853946174
vt 0.34375675960373187 0.7793759686821875
vt 0.3581885538773259 0.7689943455904762
vt 0.369086645425711 0.7863038818938828
vt 0.36209384765624997 0.979584375
vt 0.36122109375 0.95916875
vt 0.38074453124999996 0.95916875
vt 0.37987177734375 0.979584375
vt 0.36122109375 0.95916875
vt 0.36077499999999996 0.938753125
vt 0.381190625 0.938753125
vt 0.38074453124999996 0.95916875
vt 0.36077499999999996 0.938753125
vt 0.36077499999999996 0.9183375
vt 0.381190625 0.9183375
vt 0.381190625 0.938753125
vt 0.36077499999999996 0.9183375
vt 0.36122109375 0.897921875
vt 0.38074453124999996 0.897921875
vt 0.381190625 0.9183375
vt 0.36122109375 0.897921875
vt 0.36209384765624997 0.87750625
vt 0.37987177734375 0.87750625
vt 0.38074453124999996 0.897921875
vt 0.27051457210373187 0.8358584063178125
vt 0.28346035075365683 0.8200218896053826
vt 0.295844457925711 0.8289304931061173
vt 0.2849463663773259 0.8462400294095238
vt 0.28346035075365683 0.8200218896053826
vt 0.2966767760843661 0.8043800646809353
vt 0.3064719027933118 0.8114262650147281
vt 0.295844457925711 0.8289304931061173
vt 0.23933771121458053 0.7745303587382013
vt 0.22276955478444815 0.7866029400048933
vt 0.21726095373069623 0.7803282853414324
vt 0.23137710619704277 0.765462712177875
vt 0.22276955478444815 0.7866029400048933
vt 0.20608098226812321 0.7985383595222753
vt 0.20326521735054223 0.7953310202542998
vt 0.21726095373069623 0.7803282853414324
vt 0.20326521735054223 0.7953310202542998
vt 0.20608098226812321 0.7985383595222753
vt 0.18933094536109324 0.8104037671034122
vt 0.09608770162835568 0.9536924172457002
vt 0.09266954073311065 0.9562481428462282
vt 0.08215342963890676 0.9386196703965878
vt 0.09827198699021406 0.9537102589934235
vt 0.11368685114578878 0.9672507410658504
vt 0.10757986236376771 0.9729446557764302
vt 0.09515035146121464 0.9566207484496946
vt 0.11368685114578878 0.9672507410658504
vt 0.12896821866939162 0.9809156901159858
vt 0.12014286989829268 0.9891440961254574
vt 0.10757986236376771 0.9729446557764302
vt 0.3797140902933118 0.8038081099852719
vt 0.369086645425711 0.7863038818938828
vt 0.3827037925486079 0.7794261910738759
vt 0.39048448170143196 0.7983682464480004
vt 0.369086645425711 0.7863038818938828
vt 0.3587567945323354 0.7686493463022407
vt 0.37462550942155864 0.7606344432000043
vt 0.3827037925486079 0.7794261910738759
vt 0.001641503906250008 0.7618109375
vt 0.0007687500000000125 0.7413953125
vt 0.020292187500000017 0.7413953125
vt 0.019419433593750014 0.7618109375
vt 0.0007687500000000125 0.7413953125
vt 0.0003226562500000113 0.7209796875000001
vt 0.020738281250000004 0.7209796875000001
vt 0.02029218750000001 0.7413953125
vt 0.0003226562500000113 0.7209796875000001
vt 0.0003226562500000113 0.7005640625
vt 0.020738281250000004 0.7005640625
vt 0.020738281250000004 0.7209796875000001
vt 0.0003226562500000113 0.7005640625
vt 0.0007687500000000125 0.6801484375
vt 0.02029218750000001 0.6801484375
vt 0.020738281250000004 0.7005640625
vt 0.0007687500000000125 0.6801484375
vt 0.001641503906250008 0.6597328125
vt 0.019419433593750014 0.6597328125
vt 0.020292187500000017 0.6801484375
vt 0.2855146070323354 0.8465850286977593
vt 0.295844457925711 0.8289304931061173
vt 0.3094616050486079 0.8358081839261241
vt 0.30138332192155864 0.8545999317999957
vt 0.295844457925711 0.8289304931061173
vt 0.3064719027933118 0.8114262650147281
vt 0.31724229420143196 0.8168661285519996
vt 0.3094616050486079 0.8358081839261241
vt 0.23083835601868283 0.7649646548831575
vt 0.21712487544895004 0.780202485325769
vt 0.21043778144054234 0.7752026102835499
vt 0.2211746839544625 0.7577392214274088
vt 0.21712487544895004 0.780202485325769
vt 0.20326521735054223 0.7953310202542998
vt 0.1998470564552972 0.7927752946537718
vt 0.21043778144054234 0.7752026102835499
vt 0.1998470564552972 0.7927752946537718
vt 0.20326521735054223 0.7953310202542998
vt 0.18933094536109324 0.8104037671034122
vt 0.09266954073311065 0.9562481428462282
vt 0.08879675522391997 0.9580417675702937
vt 0.08215342963890676 0.9386196703965878
vt 0.09515035146121466 0.9566207484496946
vt 0.10757986236376771 0.9729446557764302
vt 0.10046661092977816 0.9773170270726417
vt 0.09151435683348273 0.9588557205564738
vt 0.10757986236376771 0.9729446557764302
vt 0.11985388008585143 0.9893641416055357
vt 0.10957435820654288 0.9956827550864396
vt 0.10046661092977816 0.9773170270726417
vt 0.39048448170143196 0.7983682464480004
vt 0.3827037925486079 0.7794261910738759
vt 0.3972236872924094 0.7747462355814432
vt 0.4019688953002607 0.7946666669636069
vt 0.023318359375 0.7822265625
vt 0.02205712890625 0.7618109375
vt 0.03983505859375 0.7618109375
vt 0.038573828125 0.7822265625
vt 0.02205712890625 0.7618109375
vt 0.021184375 0.7413953125
vt 0.0407078125 0.7413953125
vt 0.03983505859375 0.7618109375
vt 0.021184375 0.7413953125
vt 0.020738281250000004 0.7209796875000001
vt 0.04115390625 0.7209796875000001
vt 0.0407078125 0.7413953125
vt 0.020738281250000004 0.7209796875000001
vt 0.020738281250000004 0.7005640625
vt 0.04115390625 0.7005640625
vt 0.04115390625 0.7209796875000001
vt 0.020738281250000004 0.7005640625
vt 0.021184375 0.6801484375
vt 0.0407078125 0.6801484375
vt 0.04115390625 0.7005640625
vt 0.021184375 0.6801484375
vt 0.02205712890625 0.6597328125
vt 0.03983505859375 0.6597328125
vt 0.0407078125 0.6801484375
vt 0.02205712890625 0.6597328125
vt 0.023318359375 0.6393171875
vt 0.038573828125 0.6393171875
vt 0.03983505859375 0.6597328125
vt 0.3094616050486079 0.8358081839261241
vt 0.31724229420143196 0.8168661285519996
vt 0.3287267078002607 0.8205677080363931
vt 0.3239814997924094 0.8404881394185569
vt 0.2205445836302461 0.7573633405886757
vt 0.210278629809803 0.7751076697698747
vt 0.20270213427081796 0.7715987251902571
vt 0.20959561712959213 0.7522924847481097
vt 0.210278629809803 0.7751076697698747
vt 0.1998470564552972 0.7927752946537718
vt 0.19597427094610653 0.7909816699297063
vt 0.20270213427081796 0.7715987251902571
vt 0.19597427094610653 0.7909816699297063
vt 0.1998470564552972 0.7927752946537718
vt 0.18933094536109324 0.8104037671034122
vt 0.08879675522391997 0.9580417675702937
vt 0.0846367704542473 0.9589957507813976
vt 0.08215342963890675 0.9386196703965878
vt 0.09151435683348273 0.9588557205564738
vt 0.10046661092977816 0.9773170270726417
vt 0.09262860700804722 0.9801948163696574
vt 0.08750789924991163 0.9603267252750326
vt 0.10046661092977816 0.9773170270726417
vt 0.10924752901052134 0.9958412410530916
vt 0.09792065078173501 1
vt 0.09262860700804722 0.9801948163696574
vt 0.4019688953002607 0.7946666669636069
vt 0.3972236872924094 0.7747462355814432
vt 0.412294140625 0.7723775306330722
vt 0.41388876953125 0.7927931556330723
vt 0.043733984375 0.7822265625
vt 0.04247275390625 0.7618109375
vt 0.06025068359375 0.7618109375
vt 0.058989453125 0.7822265625
vt 0.04247275390625 0.7618109375
vt 0.0416 0.7413953125
vt 0.0611234375 0.7413953125
vt 0.06025068359375 0.7618109375
vt 0.0416 0.7413953125
vt 0.04115390625 0.7209796875000001
vt 0.061569531250000004 0.7209796875000001
vt 0.0611234375 0.7413953125
vt 0.04115390625 0.7209796875000001
vt 0.04115390625 0.7005640625
vt 0.061569531250000004 0.7005640625
vt 0.061569531250000004 0.7209796875000001
vt 0.04115390625 0.7005640625
vt 0.0416 0.6801484375
vt 0.0611234375 0.6801484375
vt 0.061569531250000004 0.7005640625
vt 0.0416 0.6801484375
vt 0.04247275390625 0.6597328125
vt 0.06025068359375 0.6597328125
vt 0.0611234375 0.6801484375
vt 0.04247275390625 0.6597328125
vt 0.043733984375 0.6393171875
vt 0.058989453125 0.6393171875
vt 0.06025068359375 0.6597328125
vt 0.3239814997924094 0.8404881394185569
vt 0.3287267078002607 0.8205677080363931
vt 0.34064658203125 0.8224412193669278
vt 0.339051953125 0.8428568443669278
vt 0.20890140668333398 0.7520550301633775
vt 0.20252678961481313 0.7715387485755273
vt 0.1943884339080812 0.7696724305142655
vt 0.1971404832399143 0.7493579713678995
vt 0.20252678961481313 0.7715387485755273
vt 0.19597427094610653 0.7909816699297063
vt 0.19181428617643387 0.7900276867186024
vt 0.1943884339080812 0.7696724305142655
vt 0.19181428617643387 0.7900276867186024
vt 0.19597427094610653 0.7909816699297063
vt 0.18933094536109324 0.8104037671034122
vt 0.08393743151760427 0.9590688505940962
vt 0.07967008882356622 0.9589957507813976
vt 0.08215342963890677 0.9386196703965878
vt 0.08393743151760427 0.9590688505940962
vt 0.08562828299976799 0.9795164351202402
vt 0.07727989840475943 0.979373426837572
vt 0.07967008882356622 0.9589957507813976
vt 0.08562828299976799 0.9795164351202402
vt 0.08713664172394256 0.9999608935355033
vt 0.07507220074394177 0.9997542290046271
vt 0.07727989840475943 0.979373426837572
vt 0.41388876953125 0.7927931556330723
vt 0.412294140625 0.7723775306330722
vt 0.427549609375 0.7723775306330722
vt 0.42595498046875 0.7927931556330723
vt 0.064149609375 0.7822265625
vt 0.06288837890625 0.7618109375
vt 0.08066630859375 0.7618109375
vt 0.079405078125 0.7822265625
vt 0.06288837890625 0.7618109375
vt 0.062015625 0.7413953125
vt 0.0815390625 0.7413953125
vt 0.08066630859375 0.7618109375
vt 0.062015625 0.7413953125
vt 0.061569531250000004 0.7209796875000001
vt 0.08198515625 0.7209796875000001
vt 0.0815390625 0.7413953125
vt 0.061569531250000004 0.7209796875000001
vt 0.061569531250000004 0.7005640625
vt 0.08198515625 0.7005640625
vt 0.08198515625 0.7209796875000001
vt 0.061569531250000004 0.7005640625
vt 0.062015625 0.6801484375
vt 0.0815390625 0.6801484375
vt 0.08198515625 0.7005640625
vt 0.062015625 0.6801484375
vt 0.06288837890625 0.6597328125
vt 0.08066630859375 0.6597328125
vt 0.0815390625 0.6801484375
vt 0.06288837890625 0.6597328125
vt 0.064149609375 0.6393171875
vt 0.079405078125 0.6393171875
vt 0.08066630859375 0.6597328125
vt 0.339051953125 0.8428568443669278
vt 0.34064658203125 0.8224412193669278
vt 0.35271279296875 0.8224412193669278
vt 0.354307421875 0.8428568443669278
vt 0.1964121742560584 0.7492692084953729
vt 0.1942044765952407 0.769650010662428
vt 0.18585609200023218 0.7695070023797598
vt 0.18434773327605763 0.7490625439644966
vt 0.1942044765952407 0.769650010662428
vt 0.19181428617643387 0.7900276867186024
vt 0.1875469434823958 0.7899545869059037
vt 0.18585609200023218 0.7695070023797598
vt 0.1875469434823958 0.7899545869059037
vt 0.19181428617643387 0.7900276867186024
vt 0.18933094536109324 0.8104037671034122
vt 0.07967008882356622 0.9589957507813976
vt 0.07551010405389355 0.9580417675702937
vt 0.08215342963890677 0.9386196703965878
vt 0.07967008882356622 0.9589957507813976
vt 0.07709594109191895 0.9793510069857344
vt 0.06895758538518701 0.9774846889244727
vt 0.07551010405389355 0.9580417675702937
vt 0.07709594109191895 0.9793510069857344
vt 0.07434389176008592 0.9996654661321005
vt 0.06258296831666622 0.9969684073366225
vt 0.06895758538518701 0.9774846889244727
vt 0.42595498046875 0.7927931556330723
vt 0.427549609375 0.7723775306330722
vt 0.4426200627075906 0.7747462355814432
vt 0.4378748546997393 0.7946666669636069
vt 0.084565234375 0.7822265625
vt 0.08330400390625 0.7618109375
vt 0.10108193359374999 0.7618109375
vt 0.09982070312500001 0.7822265625
vt 0.08330400390625 0.7618109375
vt 0.08243125 0.7413953125
vt 0.1019546875 0.7413953125
vt 0.10108193359374999 0.7618109375
vt 0.08243125 0.7413953125
vt 0.08198515625 0.7209796875000001
vt 0.10240078125 0.7209796875000001
vt 0.1019546875 0.7413953125
vt 0.08198515625 0.7209796875000001
vt 0.08198515625 0.7005640625
vt 0.10240078125 0.7005640625
vt 0.10240078125 0.7209796875000001
vt 0.08198515625 0.7005640625
vt 0.08243125 0.6801484375
vt 0.1019546875 0.6801484375
vt 0.10240078125 0.7005640625
vt 0.08243125 0.6801484375
vt 0.08330400390625 0.6597328125
vt 0.10108193359374999 0.6597328125
vt 0.1019546875 0.6801484375
vt 0.08330400390625 0.6597328125
vt 0.084565234375 0.6393171875
vt 0.09982070312500001 0.6393171875
vt 0.10108193359374999 0.6597328125
vt 0.354307421875 0.8428568443669278
vt 0.35271279296875 0.8224412193669278
vt 0.3646326671997393 0.8205677080363931
vt 0.3693778752075906 0.8404881394185569
vt 0.17356372421826502 0.7490234375
vt 0.1788557679919528 0.7688286211303426
vt 0.17101776407022187 0.7717064104273583
vt 0.16223684598947868 0.7531821964469084
vt 0.1788557679919528 0.7688286211303426
vt 0.1839764757500884 0.7886967122249674
vt 0.1799700181665173 0.7901677169435262
vt 0.17101776407022187 0.7717064104273583
vt 0.18268761977607992 0.7909816699297063
vt 0.18684760454575258 0.7900276867186024
vt 0.1893309453610932 0.8104037671034122
vt 0.07551010405389355 0.9580417675702937
vt 0.07163731854470287 0.9562481428462282
vt 0.08215342963890676 0.9386196703965878
vt 0.07551010405389355 0.9580417675702937
vt 0.06878224072918218 0.9774247123097429
vt 0.06120574519019714 0.9739157677301253
vt 0.07163731854470287 0.9562481428462282
vt 0.06878224072918218 0.9774247123097429
vt 0.06188875787040812 0.9967309527518903
vt 0.05093979136975414 0.9916600969113244
vt 0.061205745190197135 0.9739157677301253
vt 0.4378748546997393 0.7946666669636069
vt 0.4426200627075906 0.7747462355814432
vt 0.4571399574513921 0.7794261910738759
vt 0.44935926829856804 0.7983682464480004
vt 0.104980859375 0.7822265625
vt 0.10371962890625 0.7618109375
vt 0.12149755859375 0.7618109375
vt 0.120236328125 0.7822265625
vt 0.10371962890625 0.7618109375
vt 0.10284687499999999 0.7413953125
vt 0.12237031250000001 0.7413953125
vt 0.12149755859375 0.7618109375
vt 0.10284687499999999 0.7413953125
vt 0.10240078125 0.7209796875000001
vt 0.12281640625 0.7209796875000001
vt 0.12237031250000001 0.7413953125
vt 0.10240078125 0.7209796875000001
vt 0.10240078125 0.7005640625
vt 0.12281640625 0.7005640625
vt 0.12281640625 0.7209796875000001
vt 0.10240078125 0.7005640625
vt 0.10284687499999999 0.6801484375
vt 0.12237031250000001 0.6801484375
vt 0.12281640625 0.7005640625
vt 0.10284687499999999 0.6801484375
vt 0.10371962890625 0.6597328125
vt 0.12149755859375 0.6597328125
vt 0.12237031250000001 0.6801484375
vt 0.10371962890625 0.6597328125
vt 0.104980859375 0.6393171875
vt 0.120236328125 0.6393171875
vt 0.12149755859375 0.6597328125
vt 0.3693778752075906 0.8404881394185569
vt 0.3646326671997393 0.8205677080363931
vt 0.37611708079856804 0.8168661285519996
vt 0.3838977699513921 0.8358081839261241
vt 0.16191001679345715 0.7533406824135604
vt 0.17101776407022187 0.7717064104273583
vt 0.16390451263623232 0.7760787817235698
vt 0.1516304949141486 0.7596592958944643
vt 0.17101776407022187 0.7717064104273583
vt 0.1799700181665173 0.7901677169435262
vt 0.17633402353878538 0.7924026890503054
vt 0.16390451263623232 0.7760787817235698
vt 0.17881483426688927 0.7927752946537718
vt 0.18268761977607992 0.7909816699297063
vt 0.1893309453610932 0.8104037671034122
vt 0.07163731854470287 0.9562481428462282
vt 0.06821915764945784 0.9536924172457002
vt 0.08215342963890676 0.9386196703965878
vt 0.07163731854470287 0.9562481428462282
vt 0.0610465935594578 0.9738208272164501
vt 0.054359499551050086 0.968820952174231
vt 0.06821915764945784 0.9536924172457002
vt 0.0610465935594578 0.9738208272164501
vt 0.05030969104553773 0.9912842160725913
vt 0.04064601898131737 0.9840587826168427
vt 0.054359499551050086 0.968820952174231
vt 0.44935926829856804 0.7983682464480004
vt 0.4571399574513921 0.7794261910738759
vt 0.470757104574289 0.7863038818938828
vt 0.4601296597066882 0.8038081099852719
vt 0.4571399574513921 0.7794261910738759
vt 0.46521824057844136 0.7606344432000043
vt 0.48108695546766456 0.7686493463022407
vt 0.470757104574289 0.7863038818938828
vt 0.12413525390624999 0.7618109375
vt 0.12326249999999998 0.7413953125
vt 0.14278593749999996 0.7413953125
vt 0.14191318359375 0.7618109375
vt 0.12326249999999998 0.7413953125
vt 0.12281640625 0.7209796875000001
vt 0.14323203125 0.7209796875000001
vt 0.14278593749999996 0.7413953125
vt 0.12281640625 0.7209796875000001
vt 0.12281640625 0.7005640625
vt 0.14323203125 0.7005640625
vt 0.14323203125 0.7209796875000001
vt 0.12281640625 0.7005640625
vt 0.12326249999999998 0.6801484375
vt 0.14278593749999996 0.6801484375
vt 0.14323203125 0.7005640625
vt 0.12326249999999998 0.6801484375
vt 0.12413525390624999 0.6597328125
vt 0.14191318359375 0.6597328125
vt 0.14278593749999996 0.6801484375
vt 0.3919760530784414 0.8545999317999957
vt 0.3838977699513921 0.8358081839261241
vt 0.397514917074289 0.8289304931061173
vt 0.4078447679676646 0.8465850286977593
vt 0.3838977699513921 0.8358081839261241
vt 0.376117080798568 0.8168661285519996
vt 0.3868874722066882 0.8114262650147281
vt 0.397514917074289 0.8289304931061173
vt 0.15134150510170735 0.7598793413745426
vt 0.16390451263623232 0.7760787817235698
vt 0.15779752385421125 0.7817726964341496
vt 0.1425161563306084 0.7681077473840141
vt 0.16390451263623232 0.7760787817235698
vt 0.17633402353878538 0.7924026890503054
vt 0.17321238800978597 0.7953131785065765
vt 0.15779752385421125 0.7817726964341496
vt 0.17539667337164422 0.7953310202542998
vt 0.17881483426688927 0.7927752946537718
vt 0.1893309453610932 0.8104037671034122
vt 0.06821915764945784 0.9536924172457002
vt 0.06540339273187684 0.9504850779777249
vt 0.08215342963890676 0.9386196703965878
vt 0.06821915764945784 0.9536924172457002
vt 0.054223421269303886 0.9686951521585676
vt 0.04871482021555194 0.9624204974951068
vt 0.06540339273187684 0.9504850779777249
vt 0.054223421269303886 0.9686951521585676
vt 0.0401072688029574 0.9835607253221251
vt 0.032146663785419596 0.9744930787617988
vt 0.04871482021555195 0.9624204974951068
vt 0.4601296597066882 0.8038081099852719
vt 0.470757104574289 0.7863038818938828
vt 0.48314121174634317 0.7952124853946174
vt 0.46992478641563395 0.8108543103190647
vt 0.470757104574289 0.7863038818938828
vt 0.4816551961226741 0.7689943455904762
vt 0.49608699039626813 0.7793759686821875
vt 0.48314121174634317 0.7952124853946174
vt 0.10255009765625002 0.6368109375
vt 0.10167734375000002 0.6163953125
vt 0.12120078125000003 0.6163953125
vt 0.12032802734375003 0.6368109375
vt 0.10167734375000002 0.6163953125
vt 0.10123125000000002 0.5959796875000001
vt 0.12164687500000002 0.5959796875000001
vt 0.12120078125000003 0.6163953125
vt 0.10123125000000002 0.5959796875000001
vt 0.10123125000000002 0.5755640625
vt 0.12164687500000002 0.5755640625
vt 0.12164687500000002 0.5959796875000001
vt 0.10123125000000002 0.5755640625
vt 0.10167734375000002 0.5551484375
vt 0.12120078125000003 0.5551484375
vt 0.12164687500000002 0.5755640625
vt 0.10167734375000002 0.5551484375
vt 0.10255009765625002 0.5347328125
vt 0.12032802734375003 0.5347328125
vt 0.12120078125000003 0.5551484375
vt 0.4084130086226741 0.8462400294095238
vt 0.397514917074289 0.8289304931061173
vt 0.40989902424634317 0.8200218896053826
vt 0.42284480289626813 0.8358584063178125
vt 0.397514917074289 0.8289304931061173
vt 0.3868874722066882 0.8114262650147281
vt 0.39668259891563395 0.8043800646809353
vt 0.40989902424634317 0.8200218896053826
vt 0.14227644280515453 0.768380643977456
vt 0.15779752385421125 0.7817726964341496
vt 0.1529384845857737 0.7885628152919362
vt 0.1352545343381416 0.7781931996012035
vt 0.15779752385421125 0.7817726964341496
vt 0.17321238800978597 0.7953131785065765
vt 0.17072865172688778 0.7987840013669356
vt 0.1529384845857737 0.7885628152919362
vt 0.17258090845406324 0.7985383595222753
vt 0.17539667337164422 0.7953310202542998
vt 0.1893309453610932 0.8104037671034122
vt 0.06540339273187684 0.9504850779777249
vt 0.06331175282535918 0.9467647823238232
vt 0.08215342963890676 0.9386196703965878
vt 0.06540339273187684 0.9504850779777249
vt 0.048607698116838086 0.9622692764692173
vt 0.044515733719820434 0.954991103340703
vt 0.06331175282535918 0.9467647823238232
vt 0.048607698116838086 0.9622692764692173
vt 0.03172255459585751 0.9738943766498656
vt 0.0258091635202235 0.9633765226684273
vt 0.044515733719820434 0.954991103340703
vt 0.46992478641563395 0.8108543103190647
vt 0.48314121174634317 0.7952124853946174
vt 0.49399189478464556 0.8059359178854071
vt 0.47850706156572465 0.8193359375
vt 0.12422695312500001 0.6572265625
vt 0.12296572265625001 0.6368109375
vt 0.14074365234375003 0.6368109375
vt 0.139482421875 0.6572265625
vt 0.12296572265625001 0.6368109375
vt 0.12209296875 0.6163953125
vt 0.14161640625000002 0.6163953125
vt 0.14074365234375003 0.6368109375
vt 0.12209296875 0.6163953125
vt 0.12164687500000002 0.5959796875000001
vt 0.1420625 0.5959796875000001
vt 0.14161640625000002 0.6163953125
vt 0.12164687500000002 0.5959796875000001
vt 0.12164687500000002 0.5755640625
vt 0.1420625 0.5755640625
vt 0.1420625 0.5959796875000001
vt 0.12164687500000002 0.5755640625
vt 0.12209296875 0.5551484375
vt 0.14161640625000002 0.5551484375
vt 0.1420625 0.5755640625
vt 0.12209296875 0.5551484375
vt 0.12296572265625001 0.5347328125
vt 0.14074365234375003 0.5347328125
vt 0.14161640625000002 0.5551484375
vt 0.12296572265625001 0.5347328125
vt 0.12422695312500001 0.5143171875
vt 0.139482421875 0.5143171875
vt 0.14074365234375003 0.5347328125
vt 0.40989902424634317 0.8200218896053826
vt 0.39668259891563395 0.8043800646809353
vt 0.40526487406572465 0.7958984375
vt 0.42074970728464556 0.8092984571145929
vt 0.1350735838715886 0.7785081473010711
vt 0.1529384845857737 0.7885628152919362
vt 0.14951969352233216 0.796180416251531
vt 0.13013301093338145 0.7895165161825404
vt 0.1529384845857737 0.7885628152919362
vt 0.17072865172688778 0.7987840013669356
vt 0.16898110968435387 0.8026777982363875
vt 0.14951969352233216 0.796180416251531
vt 0.1704892685475456 0.8022586551761768
vt 0.17258090845406324 0.7985383595222753
vt 0.1893309453610932 0.8104037671034122
vt 0.06331175282535918 0.9467647823238232
vt 0.06203466213486956 0.9426923633106025
vt 0.08215342963890676 0.9386196703965878
vt 0.06331175282535917 0.9467647823238232
vt 0.04444219882622841 0.9548209987783647
vt 0.04194377181641552 0.9468539516973111
vt 0.062034662134869564 0.9426923633106025
vt 0.04444219882622841 0.9548209987783647
vt 0.025518030089304186 0.9627030583791695
vt 0.021907496235754942 0.9511896969377563
vt 0.04194377181641553 0.9468539516973111
vt 0.025518030089304186 0.9627030583791695
vt 0.006514963657333242 0.97033352701952
vt 0.0019501183501410835 0.9557770331386559
vt 0.02190749623575495 0.9511896969377563
vt 0.144642578125 0.6572265625
vt 0.14338134765625002 0.6368109375
vt 0.16115927734375002 0.6368109375
vt 0.159898046875 0.6572265625
vt 0.14338134765625002 0.6368109375
vt 0.14250859375000002 0.6163953125
vt 0.16203203125 0.6163953125
vt 0.16115927734375002 0.6368109375
vt 0.14250859375000002 0.6163953125
vt 0.1420625 0.5959796875000001
vt 0.16247812500000003 0.5959796875000001
vt 0.16203203125 0.6163953125
vt 0.1420625 0.5959796875000001
vt 0.1420625 0.5755640625
vt 0.16247812500000003 0.5755640625
vt 0.16247812500000003 0.5959796875000001
vt 0.1420625 0.5755640625
vt 0.14250859375000002 0.5551484375
vt 0.16203203125 0.5551484375
vt 0.16247812500000003 0.5755640625
vt 0.14250859375000002 0.5551484375
vt 0.14338134765625002 0.5347328125
vt 0.16115927734375002 0.5347328125
vt 0.16203203125 0.5551484375
vt 0.14338134765625002 0.5347328125
vt 0.144642578125 0.5143171875
vt 0.159898046875 0.5143171875
vt 0.16115927734375002 0.5347328125
vt 0.11045806826084127 0.7837988520563182
vt 0.1300179847228315 0.7898610507902131
vt 0.12735427273694666 0.8016295717187112
vt 0.10709030225955456 0.7986779474234029
vt 0.1300179847228315 0.7898610507902131
vt 0.14951969352233213 0.796180416251531
vt 0.1476764508768284 0.8043240292865963
vt 0.12735427273694666 0.8016295717187112
vt 0.14951969352233213 0.796180416251531
vt 0.16898110968435387 0.8026777982363875
vt 0.16803892165418902 0.8068404703309429
vt 0.1476764508768284 0.8043240292865963
vt 0.169212177857056 0.8063310741893975
vt 0.1704892685475456 0.8022586551761768
vt 0.1893309453610932 0.8104037671034122
vt 0.06203466213486956 0.9426923633106025
vt 0.061627330885645835 0.9384438766971857
vt 0.08215342963890676 0.9386196703965878
vt 0.06203466213486956 0.9426923633106025
vt 0.041907003133217505 0.9466723174311613
vt 0.041110123629999766 0.9383608217912395
vt 0.061627330885645835 0.9384438766971857
vt 0.041907003133217505 0.9466723174311613
vt 0.02176192462523195 0.9504705851733456
vt 0.020610335880687197 0.9384594532636676
vt 0.04111012362999977 0.9383608217912395
vt 0.02176192462523195 0.9504705851733456
vt 0.001591681501355316 0.9540063846321639
vt 0.00013571274726570381 0.9388205530194619
vt 0.020610335880687197 0.9384594532636676
vt 0.16505820312500002 0.6572265625
vt 0.16379697265625 0.6368109375
vt 0.18157490234375 0.6368109375
vt 0.18031367187500003 0.6572265625
vt 0.16379697265625 0.6368109375
vt 0.16292421875000002 0.6163953125
vt 0.18244765625 0.6163953125
vt 0.18157490234375 0.6368109375
vt 0.16292421875000002 0.6163953125
vt 0.16247812500000003 0.5959796875000001
vt 0.18289375000000002 0.5959796875000001
vt 0.18244765625 0.6163953125
vt 0.16247812500000003 0.5959796875000001
vt 0.16247812500000003 0.5755640625
vt 0.18289375000000002 0.5755640625
vt 0.18289375000000002 0.5959796875000001
vt 0.16247812500000003 0.5755640625
vt 0.16292421875000002 0.5551484375
vt 0.18244765625 0.5551484375
vt 0.18289375000000002 0.5755640625
vt 0.16292421875000002 0.5551484375
vt 0.16379697265625 0.5347328125
vt 0.18157490234375 0.5347328125
vt 0.18244765625 0.5551484375
vt 0.16379697265625 0.5347328125
vt 0.16505820312500002 0.5143171875
vt 0.18031367187500003 0.5143171875
vt 0.18157490234375 0.5347328125
vt 0.10693684521010359 0.7999196870985865
vt 0.1273097229970548 0.8019900581202206
vt 0.1270282895781456 0.8140529865216896
vt 0.1065810252472657 0.8151710056952283
vt 0.1273097229970548 0.8019900581202206
vt 0.1476764508768284 0.8043240292865963
vt 0.14748170381620312 0.8126713672034094
vt 0.1270282895781456 0.8140529865216896
vt 0.1476764508768284 0.8043240292865963
vt 0.16803892165418902 0.8068404703309429
vt 0.1679393751566736 0.8111072780071582
vt 0.14748170381620312 0.8126713672034094
vt 0.16880484660783227 0.8105795608028143
vt 0.169212177857056 0.8063310741893975
vt 0.18933094536109318 0.8104037671034122
vt 0.06162733088564583 0.9384438766971857
vt 0.06210736851622165 0.9342029898649054
vt 0.08215342963890676 0.9386196703965878
vt 0.06162733088564583 0.9384438766971857
vt 0.04111171071328298 0.9381755100974083
vt 0.04205082881263848 0.9298788822335982
vt 0.06210736851622165 0.9342029898649054
vt 0.04111171071328298 0.9381755100974083
vt 0.020616619333056918 0.9377257821236256
vt 0.021973760316918528 0.9257361359762963
vt 0.04205082881263848 0.9298788822335982
vt 0.020616619333056918 0.9377257821236256
vt 0.00015118431386312858 0.9370140553751962
vt 0.001867035460166283 0.9218553884936411
vt 0.021973760316918528 0.9257361359762963
vt 0.18547382812500002 0.6572265625
vt 0.18421259765625 0.6368109375
vt 0.20199052734375 0.6368109375
vt 0.20072929687500002 0.6572265625
vt 0.18421259765625 0.6368109375
vt 0.18333984375 0.6163953125
vt 0.20286328125000003 0.6163953125
vt 0.20199052734375 0.6368109375
vt 0.18333984375 0.6163953125
vt 0.18289375000000002 0.5959796875000001
vt 0.20330937500000001 0.5959796875000001
vt 0.20286328125000003 0.6163953125
vt 0.18289375000000002 0.5959796875000001
vt 0.18289375000000002 0.5755640625
vt 0.20330937500000001 0.5755640625
vt 0.20330937500000001 0.5959796875000001
vt 0.18289375000000002 0.5755640625
vt 0.18333984375 0.5551484375
vt 0.20286328125000003 0.5551484375
vt 0.20330937500000001 0.5755640625
vt 0.18333984375 0.5551484375
vt 0.18421259765625 0.5347328125
vt 0.20199052734375 0.5347328125
vt 0.20286328125000003 0.5551484375
vt 0.18421259765625 0.5347328125
vt 0.18547382812500002 0.5143171875
vt 0.20072929687500002 0.5143171875
vt 0.20199052734375 0.5347328125
vt 0.10667640618761162 0.8164185508700295
vt 0.1270559793851519 0.8144151583035633
vt 0.1291679623889107 0.8262950982941558
vt 0.10934661400025986 0.8314385148187046
vt 0.1270559793851519 0.8144151583035633
vt 0.14748170381620312 0.8126713672034094
vt 0.1489431595440506 0.8208920803032949
vt 0.1291679623889107 0.8262950982941558
vt 0.14748170381620312 0.8126713672034094
vt 0.1679393751566736 0.8111072780071582
vt 0.16868640978977123 0.8153093604085312
vt 0.1489431595440506 0.8208920803032949
vt 0.1692848842384081 0.8148204476350946
vt 0.16880484660783227 0.8105795608028143
vt 0.18933094536109318 0.8104037671034122
vt 0.06210736851622165 0.9342029898649054
vt 0.06345402240040993 0.9301530416470665
vt 0.08215342963890676 0.9386196703965878
vt 0.06210736851622165 0.9342029898649054
vt 0.04209070305081084 0.9296979043680066
vt 0.044725219504638807 0.9217748178627615
vt 0.06345402240040993 0.9301530416470665
vt 0.04209070305081084 0.9296979043680066
vt 0.022131627190688972 0.9250196229801335
vt 0.025938827003578746 0.9135697899694308
vt 0.044725219504638807 0.9217748178627615
vt 0.022131627190688972 0.9250196229801335
vt 0.002255746587003768 0.9200911388605159
vt 0.007069239246082007 0.9056149648078448
vt 0.025938827003578746 0.9135697899694308
vt 0.205889453125 0.6572265625
vt 0.20462822265625003 0.6368109375
vt 0.22240615234375 0.6368109375
vt 0.221144921875 0.6572265625
vt 0.20462822265625003 0.6368109375
vt 0.20375546875 0.6163953125
vt 0.22327890625000002 0.6163953125
vt 0.22240615234375 0.6368109375
vt 0.20375546875 0.6163953125
vt 0.20330937500000001 0.5959796875000001
vt 0.223725 0.5959796875000001
vt 0.22327890625000002 0.6163953125
vt 0.20330937500000001 0.5959796875000001
vt 0.20330937500000001 0.5755640625
vt 0.223725 0.5755640625
vt 0.223725 0.5959796875000001
vt 0.20330937500000001 0.5755640625
vt 0.20375546875 0.5551484375
vt 0.22327890625000002 0.5551484375
vt 0.223725 0.5755640625
vt 0.20375546875 0.5551484375
vt 0.20462822265625003 0.5347328125
vt 0.22240615234375 0.5347328125
vt 0.22327890625000002 0.5551484375
vt 0.20462822265625003 0.5347328125
vt 0.205889453125 0.5143171875
vt 0.221144921875 0.5143171875
vt 0.22240615234375 0.5347328125
vt 0.1096870581862607 0.8326424933248122
vt 0.1292667959060955 0.8266446223432262
vt 0.13368861264354392 0.8378714198887717
vt 0.11527761908444006 0.8468366807135279
vt 0.1292667959060955 0.8266446223432262
vt 0.1489431595440506 0.8208920803032949
vt 0.15200298028452747 0.8286608301223607
vt 0.13368861264354392 0.8378714198887717
vt 0.1489431595440506 0.8208920803032949
vt 0.16868640978977123 0.8153093604085312
vt 0.17025046131774552 0.8192804182107821
vt 0.15200298028452747 0.8286608301223607
vt 0.17063153812259638 0.8188703958529336
vt 0.1692848842384081 0.8148204476350946
vt 0.18933094536109318 0.8104037671034122
vt 0.06345402240040993 0.9301530416470665
vt 0.06560907500924645 0.9264691163622482
vt 0.08215342963890676 0.9386196703965878
vt 0.06345402240040993 0.9301530416470665
vt 0.04480165708459363 0.9216059977245239
vt 0.049017678456905626 0.9143989775009297
vt 0.06560907500924645 0.9264691163622482
vt 0.04480165708459363 0.9216059977245239
vt 0.02624145251667033 0.9129014108686726
vt 0.0323341211566718 0.9024863815729199
vt 0.049017678456905626 0.9143989775009297
vt 0.02624145251667033 0.9129014108686726
vt 0.007814385465767404 0.9039692339004973
vt 0.015517426339417606 0.8908013757572343
vt 0.0323341211566718 0.9024863815729199
vt 0.3484910732408312 0.6533203125
vt 0.3447265625 0.6332151662603405
vt 0.3623693097091092 0.631026958114582
vt 0.3636305401778592 0.6514425831145819
vt 0.22504384765625002 0.6368109375
vt 0.22417109375 0.6163953125
vt 0.24369453124999998 0.6163953125
vt 0.24282177734375002 0.6368109375
vt 0.22417109375 0.6163953125
vt 0.223725 0.5959796875000001
vt 0.244140625 0.5959796875000001
vt 0.24369453124999998 0.6163953125
vt 0.223725 0.5959796875000001
vt 0.223725 0.5755640625
vt 0.244140625 0.5755640625
vt 0.244140625 0.5959796875000001
vt 0.223725 0.5755640625
vt 0.22417109375 0.5551484375
vt 0.24369453124999998 0.5551484375
vt 0.244140625 0.5755640625
vt 0.22417109375 0.5551484375
vt 0.22504384765625002 0.5347328125
vt 0.24282177734375002 0.5347328125
vt 0.24369453124999998 0.5551484375
vt 0.3447265625 0.5267606249688234
vt 0.3484910732408312 0.5066554787291638
vt 0.3636305401778592 0.5085332081145819
vt 0.3623693097091092 0.528948833114582
vt 0.11584965328242756 0.8479494445533806
vt 0.1338546784894648 0.8381944636316553
vt 0.14041133354992563 0.8483238131076275
vt 0.12413931827316022 0.8607561139534881
vt 0.1338546784894648 0.8381944636316553
vt 0.15200298028452747 0.8286608301223607
vt 0.15654007223866562 0.8356701648493361
vt 0.14041133354992563 0.8483238131076275
vt 0.15200298028452747 0.8286608301223607
vt 0.17025046131774552 0.8192804182107821
vt 0.1725696316892502 0.8228632949933287
vt 0.15654007223866562 0.8356701648493361
vt 0.17278659073143293 0.822554321137752
vt 0.17063153812259638 0.8188703958529336
vt 0.18933094536109318 0.8104037671034122
vt 0.06560907500924645 0.9264691163622482
vt 0.06847936072746262 0.923310474700587
vt 0.08215342963890676 0.9386196703965878
vt 0.06560907500924645 0.9264691163622482
vt 0.049127374886614776 0.9142496133954258
vt 0.05474263730898987 0.9080702279370692
vt 0.06847936072746262 0.923310474700587
vt 0.049127374886614776 0.9142496133954258
vt 0.03276842243026869 0.9018950312306891
vt 0.04088316622423153 0.8929650603714654
vt 0.05474263730898987 0.9080702279370692
vt 0.03276842243026869 0.9018950312306891
vt 0.016586794050418657 0.889345310577794
vt 0.02684637106297713 0.8780550312940203
vt 0.04088316622423153 0.8929650603714654
vt 0.3636305401778592 0.6514425831145819
vt 0.3623693097091092 0.631026958114582
vt 0.38014723939660916 0.631026958114582
vt 0.3788860089278592 0.6514425831145819
vt 0.3623693097091092 0.631026958114582
vt 0.36149655580285917 0.6106113331145819
vt 0.3810199933028592 0.6106113331145819
vt 0.38014723939660916 0.631026958114582
vt 0.36149655580285917 0.6106113331145819
vt 0.3610504620528592 0.5901957081145819
vt 0.38146608705285917 0.5901957081145819
vt 0.3810199933028592 0.6106113331145819
vt 0.3610504620528592 0.5901957081145819
vt 0.3610504620528592 0.569780083114582
vt 0.38146608705285917 0.569780083114582
vt 0.38146608705285917 0.5901957081145819
vt 0.3610504620528592 0.569780083114582
vt 0.36149655580285917 0.5493644581145819
vt 0.3810199933028592 0.5493644581145819
vt 0.38146608705285917 0.569780083114582
vt 0.36149655580285917 0.5493644581145819
vt 0.3623693097091092 0.528948833114582
vt 0.38014723939660916 0.528948833114582
vt 0.3810199933028592 0.5493644581145819
vt 0.3623693097091092 0.528948833114582
vt 0.3636305401778592 0.5085332081145819
vt 0.3788860089278592 0.5085332081145819
vt 0.38014723939660916 0.528948833114582
vt 0.12492030396929674 0.8617336249914724
vt 0.14063805959311904 0.848607591941115
vt 0.14907007036727082 0.857238619730019
vt 0.1355810057862159 0.8726459466304713
vt 0.14063805959311904 0.848607591941115
vt 0.15654007223866562 0.8356701648493361
vt 0.16237487792660146 0.8416426868709882
vt 0.14907007036727082 0.857238619730019
vt 0.15654007223866562 0.8356701648493361
vt 0.1725696316892502 0.8228632949933287
vt 0.17555213868089406 0.8259161967761859
vt 0.16237487792660146 0.8416426868709882
vt 0.17565687644964909 0.825712962799413
vt 0.17278659073143293 0.822554321137752
vt 0.1893309453610932 0.8104037671034122
vt 0.06847936072746262 0.923310474700587
vt 0.07194079351936818 0.9208136686852753
vt 0.08215342963890676 0.9386196703965878
vt 0.06847936072746262 0.923310474700587
vt 0.05488085027482037 0.9079467770610891
vt 0.0616525989410277 0.90306216891746
vt 0.07194079351936818 0.9208136686852753
vt 0.05488085027482037 0.9079467770610891
vt 0.04143036787196924 0.8924763036014689
vt 0.05121637631289609 0.8854174449697669
vt 0.0616525989410277 0.90306216891746
vt 0.04143036787196924 0.8924763036014689
vt 0.028193730163840455 0.8768515793583658
vt 0.040566308990042155 0.8679269718055569
vt 0.05121637631289609 0.8854174449697669
vt 0.3788860089278592 0.6514425831145819
vt 0.38014723939660916 0.631026958114582
vt 0.39778998660571835 0.6332151662603405
vt 0.3940254758648872 0.6533203125
vt 0.22429775390625 0.756928125
vt 0.223425 0.7365125
vt 0.2429484375 0.7365125
vt 0.24207568359375 0.756928125
vt 0.223425 0.7365125
vt 0.22297890625 0.7160968750000001
vt 0.24339453125 0.7160968750000001
vt 0.2429484375 0.7365125
vt 0.22297890625 0.7160968750000001
vt 0.22297890625 0.69568125
vt 0.24339453125 0.69568125
vt 0.24339453125 0.7160968750000001
vt 0.22297890625 0.69568125
vt 0.223425 0.675265625
vt 0.2429484375 0.675265625
vt 0.24339453125 0.69568125
vt 0.223425 0.675265625
vt 0.22429775390625 0.65485
vt 0.24207568359375 0.65485
vt 0.2429484375 0.675265625
vt 0.38014723939660916 0.528948833114582
vt 0.3788860089278592 0.5085332081145819
vt 0.3940254758648872 0.5066554787291638
vt 0.39778998660571835 0.5267606249688234
vt 0.13654003511598706 0.8734495194221896
vt 0.14934848382134697 0.8574719029775681
vt 0.1593221496436328 0.8642630322248739
vt 0.1491498716307753 0.8820356332027389
vt 0.14934848382134697 0.8574719029775681
vt 0.16237487792660146 0.8416426868709882
vt 0.1692764822565958 0.8463420309089675
vt 0.1593221496436328 0.8642630322248739
vt 0.16237487792660146 0.8416426868709882
vt 0.17555213868089406 0.8259161967761859
vt 0.17907994822052065 0.8283183035812834
vt 0.1692764822565958 0.8463420309089675
vt 0.17911830924155464 0.8282097688147247
vt 0.17565687644964909 0.825712962799413
vt 0.1893309453610932 0.8104037671034122
vt 0.07194079351936818 0.9208136686852753
vt 0.07584373132311899 0.9190866383580866
vt 0.08215342963890676 0.9386196703965878
vt 0.07194079351936818 0.9208136686852753
vt 0.06181335332388181 0.9029699682065241
vt 0.069448837083279 0.899591305087024
vt 0.07584373132311899 0.9190866383580866
vt 0.06181335332388181 0.9029699682065241
vt 0.05185282212425875 0.8850524113374765
vt 0.06288703384757567 0.8801698282062579
vt 0.069448837083279 0.899591305087024
vt 0.05185282212425875 0.8850524113374765
vt 0.04213341146440614 0.8670281598436025
vt 0.05608411007210193 0.8608550459503181
vt 0.06288703384757567 0.8801698282062579
vt 0.245974609375 0.77734375
vt 0.24471337890625 0.756928125
vt 0.26249130859375003 0.756928125
vt 0.261230078125 0.77734375
vt 0.24471337890625 0.756928125
vt 0.243840625 0.7365125
vt 0.2633640625 0.7365125
vt 0.26249130859375003 0.756928125
vt 0.243840625 0.7365125
vt 0.24339453125 0.7160968750000001
vt 0.26381015625 0.7160968750000001
vt 0.2633640625 0.7365125
vt 0.24339453125 0.7160968750000001
vt 0.24339453125 0.69568125
vt 0.26381015625 0.69568125
vt 0.26381015625 0.7160968750000001
vt 0.24339453125 0.69568125
vt 0.243840625 0.675265625
vt 0.2633640625 0.675265625
vt 0.26381015625 0.69568125
vt 0.243840625 0.675265625
vt 0.24471337890625 0.65485
vt 0.26249130859375003 0.65485
vt 0.2633640625 0.675265625
vt 0.24471337890625 0.65485
vt 0.245974609375 0.634434375
vt 0.261230078125 0.634434375
vt 0.26249130859375003 0.65485
vt 0.15024899057180083 0.8826334659890849
vt 0.15964123216938253 0.8644365875957469
vt 0.17076184067378627 0.8691190562694305
vt 0.16430892176301412 0.8885535725489851
vt 0.15964123216938253 0.8644365875957469
vt 0.1692764822565958 0.8463420309089675
vt 0.1769717510949269 0.8495822182833175
vt 0.17076184067378627 0.8691190562694305
vt 0.1692764822565958 0.8463420309089675
vt 0.17907994822052065 0.8283183035812834
vt 0.183013445639356 0.8299745509381091
vt 0.17697175109492694 0.8495822182833175
vt 0.18302124704530545 0.8299367991419134
vt 0.17911830924155464 0.8282097688147247
vt 0.1893309453610932 0.8104037671034122
vt 0.07584373132311899 0.9190866383580866
vt 0.08001944526390677 0.9182040453965877
vt 0.08215342963890676 0.9386196703965878
vt 0.07584373132311899 0.9190866383580866
vt 0.06962518327045385 0.8995343404929959
vt 0.07779431062578412 0.8978076862231773
vt 0.08001944526390677 0.9182040453965877
vt 0.06962518327045385 0.8995343404929959
vt 0.06358520947541574 0.8799442985714104
vt 0.07539060173003444 0.8774490711062615
vt 0.07779431062578412 0.8978076862231773
vt 0.06358520947541574 0.8799442985714104
vt 0.057803208123177546 0.860299730725515
vt 0.07272892039148485 0.8571449819136557
vt 0.07539060173003444 0.8774490711062615
vt 0.266390234375 0.77734375
vt 0.26512900390625 0.756928125
vt 0.28290693359375 0.756928125
vt 0.281645703125 0.77734375
vt 0.26512900390625 0.756928125
vt 0.26425624999999997 0.7365125
vt 0.2837796875 0.7365125
vt 0.28290693359375 0.756928125
vt 0.26425624999999997 0.7365125
vt 0.26381015625 0.7160968750000001
vt 0.28422578125 0.7160968750000001
vt 0.2837796875 0.7365125
vt 0.26381015625 0.7160968750000001
vt 0.26381015625 0.69568125
vt 0.28422578125 0.69568125
vt 0.28422578125 0.7160968750000001
vt 0.26381015625 0.69568125
vt 0.26425624999999997 0.675265625
vt 0.2837796875 0.675265625
vt 0.28422578125 0.69568125
vt 0.26425624999999997 0.675265625
vt 0.26512900390625 0.65485
vt 0.28290693359375 0.65485
vt 0.2837796875 0.675265625
vt 0.26512900390625 0.65485
vt 0.266390234375 0.634434375
vt 0.281645703125 0.634434375
vt 0.28290693359375 0.65485
vt 0.16550463218276412 0.8889220058252405
vt 0.17110896443497187 0.8692260152308038
vt 0.18293641247661924 0.8716145125011344
vt 0.18045822987189783 0.8919418142519062
vt 0.17110896443497187 0.8692260152308038
vt 0.1769717510949269 0.8495822182833175
vt 0.1851561406735932 0.8512350171034122
vt 0.18293641247661924 0.8716145125011344
vt 0.1769717510949269 0.8495822182833175
vt 0.183013445639356 0.8299745509381091
vt 0.18719696098609323 0.8308193921034123
vt 0.18515614067359323 0.8512350171034122
vt 0.18719696098609323 0.8308193921034123
vt 0.18302124704530545 0.8299367991419134
vt 0.18933094536109324 0.8104037671034123
vt 0.08001944526390677 0.9182040453965877
vt 0.08428741401390676 0.9182040453965877
vt 0.08215342963890676 0.9386196703965878
vt 0.08001944526390677 0.9182040453965877
vt 0.07797862495140676 0.8977884203965878
vt 0.08632823432640677 0.8977884203965878
vt 0.08428741401390676 0.9182040453965877
vt 0.07797862495140676 0.8977884203965878
vt 0.07612032417015677 0.8773727953965877
vt 0.08818653510765675 0.8773727953965877
vt 0.08632823432640677 0.8977884203965878
vt 0.07612032417015677 0.8773727953965877
vt 0.07452569526390676 0.8569571703965877
vt 0.08978116401390676 0.8569571703965877
vt 0.08818653510765675 0.8773727953965877
vt 0.286805859375 0.77734375
vt 0.28554462890625 0.756928125
vt 0.30332255859375 0.756928125
vt 0.302061328125 0.77734375
vt 0.28554462890625 0.756928125
vt 0.284671875 0.7365125
vt 0.3041953125 0.7365125
vt 0.30332255859375 0.756928125
vt 0.284671875 0.7365125
vt 0.28422578125 0.7160968750000001
vt 0.30464140625 0.7160968750000001
vt 0.3041953125 0.7365125
vt 0.28422578125 0.7160968750000001
vt 0.28422578125 0.69568125
vt 0.30464140625 0.69568125
vt 0.30464140625 0.7160968750000001
vt 0.28422578125 0.69568125
vt 0.284671875 0.675265625
vt 0.3041953125 0.675265625
vt 0.30464140625 0.69568125
vt 0.284671875 0.675265625
vt 0.28554462890625 0.65485
vt 0.30332255859375 0.65485
vt 0.3041953125 0.675265625
vt 0.28554462890625 0.65485
vt 0.286805859375 0.634434375
vt 0.302061328125 0.634434375
vt 0.30332255859375 0.65485
vt 0.1817032109860932 0.8920662671034123
vt 0.18329783989234322 0.8716506421034123
vt 0.1953640508298432 0.8716506421034123
vt 0.1969586797360932 0.8920662671034123
vt 0.18329783989234322 0.8716506421034123
vt 0.1851561406735932 0.8512350171034122
vt 0.19350575004859322 0.8512350171034122
vt 0.1953640508298432 0.8716506421034123
vt 0.1851561406735932 0.8512350171034122
vt 0.18719696098609323 0.8308193921034123
vt 0.19146492973609322 0.8308193921034123
vt 0.19350575004859322 0.8512350171034122
vt 0.19146492973609322 0.8308193921034123
vt 0.18719696098609323 0.8308193921034123
vt 0.18933094536109324 0.8104037671034123
vn 0.021732689536559806 0.9945218953682734 0.1022442655536468
vn 0.06424824579191761 0.9510565162951534 0.30226423163382743
vn 0.10395584540887946 0.8660254037844388 0.48907380036690246
vn 0.13912007574598234 0.7431448254773947 0.6545084971874734
vn 0.16820409120079688 0.5877852522924731 0.7913380320007296
vn 0.18993678073735704 0.4067366430757999 0.8935822975543768
vn 0.20336832153790044 0.20791169081775962 0.9567727288213004
vn 0.2079116908177597 0 0.9781476007338057
vn 0.20336832153790027 -0.20791169081775898 0.9567727288213007
vn 0.1899367807373566 -0.4067366430758003 0.8935822975543766
vn 0.16820409120079677 -0.5877852522924732 0.7913380320007296
vn 0.13912007574598276 -0.7431448254773942 0.654508497187474
vn 0.1039558454088798 -0.8660254037844385 0.4890738003669031
vn 0.06424824579191743 -0.9510565162951535 0.3022642316338269
vn 0.021732689536559806 -0.9945218953682734 0.1022442655536468
vn 0.042515556255357356 0.9945218953682734 0.0954915028125261
vn 0.12568853494543963 0.9510565162951534 0.282301071545603
vn 0.20336832153789983 0.866025403784439 0.45677272882130016
vn 0.2721599366096765 0.7431448254773948 0.6112812260087737
vn 0.32905685648333965 0.587785252292473 0.739073800366903
vn 0.37157241273869696 0.40673664307579965 0.8345653031794297
vn 0.3978484715551156 0.20791169081775943 0.8935822975543769
vn 0.4067366430757995 0 0.9135454576426013
vn 0.39784847155511577 -0.2079116908177587 0.8935822975543769
vn 0.37157241273869707 -0.40673664307580004 0.8345653031794292
vn 0.32905685648333965 -0.5877852522924731 0.7390738003669028
vn 0.27215993660967647 -0.7431448254773944 0.6112812260087743
vn 0.2033683215379 -0.8660254037844386 0.4567727288213008
vn 0.12568853494543955 -0.9510565162951535 0.2823010715456025
vn 0.04251555625535736 -0.9945218953682735 0.09549150281252612
vn 0.06144028915352207 0.9945218953682734 0.08456530317942894
vn 0.18163563200134064 0.9510565162951535 0.2500000000000005
vn 0.29389262614623635 0.8660254037844389 0.40450849718747345
vn 0.3933051022752568 0.7431448254773947 0.5413380320007293
vn 0.4755282581475768 0.587785252292473 0.6545084971874738
vn 0.5369685473010991 0.40673664307579993 0.7390738003669031
vn 0.5749407342765971 0.20791169081775973 0.7913380320007296
vn 0.5877852522924731 0 0.8090169943749477
vn 0.5749407342765971 -0.20791169081775898 0.7913380320007298
vn 0.5369685473010989 -0.4067366430758002 0.7390738003669028
vn 0.4755282581475766 -0.5877852522924732 0.6545084971874738
vn 0.39330510227525695 -0.7431448254773941 0.5413380320007298
vn 0.29389262614623657 -0.8660254037844386 0.404508497187474
vn 0.18163563200134009 -0.9510565162951536 0.25000000000000017
vn 0.06144028915352207 -0.9945218953682734 0.08456530317942894
vn 0.0776797865924604 0.9945218953682735 0.06994319400804445
vn 0.22964438035431967 0.9510565162951534 0.20677272882130093
vn 0.3715724127386966 0.8660254037844392 0.33456530317942895
vn 0.4972609476841363 0.7431448254773947 0.44773576836617307
vn 0.6012167930930163 0.5877852522924731 0.5413380320007298
vn 0.678896579685477 0.4067366430757999 0.6112812260087742
vn 0.7269053280384562 0.20791169081775976 0.6545084971874734
vn 0.7431448254773945 0 0.6691306063588579
vn 0.7269053280384561 -0.20791169081775904 0.6545084971874737
vn 0.6788965796854768 -0.40673664307580043 0.6112812260087743
vn 0.6012167930930167 -0.587785252292473 0.5413380320007293
vn 0.49726094768413676 -0.7431448254773942 0.44773576836617335
vn 0.3715724127386974 -0.8660254037844386 0.33456530317942923
vn 0.2296443803543194 -0.9510565162951535 0.20677272882130046
vn 0.0776797865924604 -0.9945218953682735 0.06994319400804445
vn 0.09052430460833628 0.9945218953682735 0.052264231633826666
vn 0.2676165673298179 0.9510565162951534 0.1545084971874741
vn 0.4330127018922189 0.866025403784439 0.24999999999999978
vn 0.5794841035564561 0.7431448254773946 0.334565303179429
vn 0.7006292692220369 0.587785252292473 0.4045084971874736
vn 0.7911535738303732 0.40673664307579965 0.4567727288213011
vn 0.8471006708862739 0.2079116908177595 0.4890738003669029
vn 0.8660254037844386 0 0.5000000000000001
vn 0.8471006708862738 -0.20791169081775876 0.4890738003669032
vn 0.7911535738303735 -0.40673664307580004 0.4567727288213002
vn 0.7006292692220363 -0.5877852522924735 0.40450849718747406
vn 0.5794841035564565 -0.7431448254773941 0.33456530317942934
vn 0.43301270189221963 -0.8660254037844386 0.25000000000000033
vn 0.26761656732981753 -0.9510565162951538 0.15450849718747384
vn 0.09052430460833627 -0.9945218953682735 0.05226423163382666
vn 0.09941247612902024 0.9945218953682734 0.03230107154560233
vn 0.29389262614623723 0.9510565162951535 0.09549150281252636
vn 0.4755282581475763 0.8660254037844389 0.15450849718747353
vn 0.6363810234301189 0.7431448254773947 0.20677272882130043
vn 0.7694208842938136 0.5877852522924728 0.25000000000000017
vn 0.868833360422834 0.40673664307580015 0.2823010715456021
vn 0.930273649576356 0.207911690817759 0.302264231633827
vn 0.9510565162951535 0 0.3090169943749476
vn 0.9302736495763564 -0.20791169081775834 0.3022642316338265
vn 0.8688333604228337 -0.40673664307580076 0.28230107154560247
vn 0.7694208842938135 -0.5877852522924729 0.25000000000000017
vn 0.6363810234301194 -0.7431448254773944 0.20677272882130054
vn 0.47552825814757715 -0.8660254037844387 0.15450849718747373
vn 0.2938926261462367 -0.9510565162951535 0.09549150281252637
vn 0.09941247612902027 -0.9945218953682735 0.032301071545602335
vn 0.10395584540887946 0.9945218953682734 0.010926199633097137
vn 0.30732416694678044 0.9510565162951534 0.03230107154560251
vn 0.4972609476841362 0.8660254037844389 0.05226423163382654
vn 0.6654650388849331 0.7431448254773948 0.0699431940080442
vn 0.8045851146309168 0.5877852522924728 0.08456530317942906
vn 0.9085409600397963 0.4067366430757999 0.09549150281252619
vn 0.9727892058317135 0.20791169081775956 0.10224426555364681
vn 0.9945218953682735 0 0.10452846326765336
vn 0.9727892058317137 -0.20791169081775887 0.10224426555364687
vn 0.9085409600397962 -0.40673664307580043 0.09549150281252627
vn 0.8045851146309168 -0.5877852522924729 0.08456530317942865
vn 0.6654650388849338 -0.7431448254773942 0.06994319400804436
vn 0.49726094768413676 -0.8660254037844386 0.05226423163382688
vn 0.30732416694677994 -0.9510565162951535 0.03230107154560225
vn 0.10395584540887946 -0.9945218953682734 0.010926199633097137
vn 0.10395584540887948 0.9945218953682735 -0.010926199633097138
vn 0.3073241669467804 0.9510565162951534 -0.03230107154560241
vn 0.4972609476841362 0.8660254037844389 -0.05226423163382655
vn 0.6654650388849332 0.7431448254773947 -0.06994319400804422
vn 0.8045851146309168 0.587785252292473 -0.08456530317942912
vn 0.9085409600397963 0.4067366430757999 -0.09549150281252618
vn 0.9727892058317136 0.20791169081775954 -0.10224426555364682
vn 0.9945218953682735 0 -0.10452846326765333
vn 0.9727892058317138 -0.20791169081775887 -0.10224426555364688
vn 0.9085409600397961 -0.40673664307580026 -0.09549150281252618
vn 0.8045851146309166 -0.5877852522924732 -0.08456530317942862
vn 0.665465038884934 -0.7431448254773941 -0.06994319400804437
vn 0.49726094768413703 -0.8660254037844386 -0.05226423163382692
vn 0.3073241669467799 -0.9510565162951535 -0.03230107154560224
vn 0.10395584540887949 -0.9945218953682735 -0.01092619963309714
vn 0.09941247612902025 0.9945218953682735 -0.032301071545602286
vn 0.29389262614623723 0.9510565162951534 -0.09549150281252632
vn 0.4755282581475764 0.866025403784439 -0.1545084971874735
vn 0.6363810234301189 0.7431448254773947 -0.20677272882130063
vn 0.7694208842938137 0.5877852522924728 -0.24999999999999986
vn 0.8688333604228341 0.40673664307579993 -0.2823010715456025
vn 0.9302736495763562 0.20791169081775956 -0.3022642316338267
vn 0.9510565162951538 0 -0.30901699437494734
vn 0.9302736495763563 -0.20791169081775884 -0.30226423163382676
vn 0.868833360422834 -0.4067366430758003 -0.28230107154560213
vn 0.7694208842938135 -0.587785252292473 -0.2500000000000004
vn 0.6363810234301195 -0.7431448254773942 -0.2067727288213003
vn 0.47552825814757715 -0.8660254037844387 -0.15450849718747342
vn 0.2938926261462368 -0.9510565162951536 -0.09549150281252622
vn 0.09941247612902025 -0.9945218953682735 -0.032301071545602286
vn 0.09052430460833624 0.9945218953682735 -0.05226423163382668
vn 0.267616567329818 0.9510565162951535 -0.1545084971874742
vn 0.4330127018922189 0.8660254037844389 -0.24999999999999978
vn 0.5794841035564563 0.7431448254773946 -0.3345653031794288
vn 0.7006292692220369 0.5877852522924731 -0.4045084971874737
vn 0.7911535738303735 0.40673664307579954 -0.45677272882130054
vn 0.8471006708862738 0.20791169081775962 -0.4890738003669029
vn 0.8660254037844386 0 -0.5000000000000002
vn 0.847100670886274 -0.20791169081775887 -0.4890738003669027
vn 0.7911535738303735 -0.40673664307580026 -0.4567727288213003
vn 0.7006292692220367 -0.5877852522924732 -0.4045084971874737
vn 0.5794841035564567 -0.743144825477394 -0.33456530317942945
vn 0.4330127018922195 -0.8660254037844386 -0.25000000000000033
vn 0.2676165673298175 -0.9510565162951536 -0.154508497187474
vn 0.09052430460833624 -0.9945218953682735 -0.05226423163382668
vn 0.07767978659246043 0.9945218953682735 -0.06994319400804445
vn 0.22964438035431972 0.9510565162951535 -0.2067727288213009
vn 0.3715724127386966 0.8660254037844392 -0.334565303179429
vn 0.4972609476841364 0.7431448254773946 -0.44773576836617324
vn 0.6012167930930162 0.5877852522924731 -0.5413380320007298
vn 0.6788965796854772 0.4067366430757997 -0.6112812260087743
vn 0.7269053280384558 0.2079116908177593 -0.654508497187474
vn 0.7431448254773941 0 -0.6691306063588583
vn 0.7269053280384556 -0.20791169081775854 -0.6545084971874742
vn 0.6788965796854768 -0.4067366430758001 -0.6112812260087744
vn 0.6012167930930162 -0.5877852522924734 -0.5413380320007295
vn 0.49726094768413676 -0.743144825477394 -0.4477357683661734
vn 0.3715724127386975 -0.8660254037844387 -0.33456530317942906
vn 0.2296443803543193 -0.9510565162951535 -0.2067727288213005
vn 0.07767978659246043 -0.9945218953682735 -0.06994319400804445
vn 0.06144028915352209 0.9945218953682735 -0.08456530317942894
vn 0.18163563200134064 0.9510565162951535 -0.25000000000000056
vn 0.29389262614623635 0.866025403784439 -0.4045084971874734
vn 0.3933051022752567 0.7431448254773947 -0.5413380320007292
vn 0.47552825814757677 0.5877852522924731 -0.6545084971874737
vn 0.536968547301099 0.40673664307579993 -0.739073800366903
vn 0.5749407342765976 0.20791169081775904 -0.7913380320007293
vn 0.5877852522924737 0 -0.8090169943749471
vn 0.5749407342765976 -0.20791169081775884 -0.7913380320007295
vn 0.5369685473010992 -0.4067366430758 -0.739073800366903
vn 0.4755282581475768 -0.5877852522924732 -0.6545084971874736
vn 0.3933051022752571 -0.7431448254773941 -0.5413380320007297
vn 0.29389262614623674 -0.8660254037844386 -0.404508497187474
vn 0.18163563200134022 -0.9510565162951538 -0.25000000000000006
vn 0.06144028915352209 -0.9945218953682735 -0.08456530317942894
vn 0.042515556255357384 0.9945218953682735 -0.09549150281252611
vn 0.1256885349454397 0.9510565162951534 -0.282301071545603
vn 0.20336832153789997 0.866025403784439 -0.4567727288213002
vn 0.27215993660967674 0.7431448254773947 -0.6112812260087738
vn 0.3290568564833398 0.5877852522924731 -0.7390738003669028
vn 0.371572412738697 0.4067366430757998 -0.8345653031794293
vn 0.3978484715551158 0.20791169081775976 -0.8935822975543767
vn 0.4067366430757998 0 -0.9135454576426012
vn 0.39784847155511605 -0.207911690817759 -0.8935822975543769
vn 0.37157241273869723 -0.4067366430758003 -0.8345653031794292
vn 0.3290568564833398 -0.5877852522924734 -0.7390738003669026
vn 0.2721599366096768 -0.7431448254773942 -0.6112812260087743
vn 0.20336832153790016 -0.8660254037844385 -0.45677272882130077
vn 0.12568853494543958 -0.9510565162951535 -0.28230107154560247
vn 0.042515556255357384 -0.9945218953682735 -0.09549150281252611
vn 0.021732689536559817 0.9945218953682735 -0.1022442655536468
vn 0.06424824579191765 0.9510565162951534 -0.3022642316338273
vn 0.10395584540887956 0.866025403784439 -0.48907380036690246
vn 0.13912007574598242 0.7431448254773948 -0.6545084971874733
vn 0.16820409120079707 0.587785252292473 -0.7913380320007297
vn 0.18993678073735726 0.4067366430757997 -0.8935822975543769
vn 0.2033683215379006 0.20791169081775945 -0.9567727288213005
vn 0.20791169081775981 0 -0.9781476007338057
vn 0.2033683215379004 -0.2079116908177588 -0.9567727288213007
vn 0.18993678073735687 -0.4067366430758001 -0.8935822975543768
vn 0.1682040912007968 -0.5877852522924731 -0.7913380320007296
vn 0.1391200757459828 -0.7431448254773944 -0.6545084971874737
vn 0.10395584540887985 -0.8660254037844386 -0.4890738003669031
vn 0.06424824579191733 -0.9510565162951535 -0.3022642316338268
vn 0.021732689536559817 -0.9945218953682735 -0.1022442655536468
vn 0 0.9945218953682735 -0.1045284632676533
vn 0 0.9510565162951535 -0.30901699437494806
vn 0 0.8660254037844389 -0.49999999999999967
vn 0 0.7431448254773947 -0.6691306063588578
vn 0 0.587785252292473 -0.8090169943749477
vn 0 0.4067366430757998 -0.9135454576426012
vn 0 0.2079116908177596 -0.9781476007338056
vn 0 0 -1
vn 0 -0.20791169081775893 -0.9781476007338058
vn 0 -0.4067366430758003 -0.913545457642601
vn 0 -0.5877852522924732 -0.8090169943749476
vn 0 -0.7431448254773941 -0.6691306063588583
vn 0 -0.8660254037844385 -0.5000000000000004
vn 0 -0.9510565162951535 -0.3090169943749475
vn 0 -0.9945218953682735 -0.1045284632676533
vn -0.021732689536559775 0.9945218953682735 -0.10224426555364681
vn -0.06424824579191751 0.9510565162951535 -0.3022642316338274
vn -0.10395584540887932 0.8660254037844388 -0.48907380036690246
vn -0.13912007574598215 0.7431448254773947 -0.6545084971874733
vn -0.16820409120079666 0.587785252292473 -0.7913380320007298
vn -0.18993678073735676 0.4067366430757998 -0.8935822975543768
vn -0.20336832153790016 0.20791169081775962 -0.9567727288213005
vn -0.2079116908177594 0 -0.9781476007338058
vn -0.20336832153789997 -0.20791169081775895 -0.9567727288213006
vn -0.18993678073735634 -0.4067366430758003 -0.8935822975543767
vn -0.1682040912007965 -0.5877852522924732 -0.7913380320007296
vn -0.13912007574598256 -0.7431448254773942 -0.6545084971874738
vn -0.10395584540887966 -0.8660254037844385 -0.4890738003669032
vn -0.06424824579191733 -0.9510565162951535 -0.3022642316338268
vn -0.021732689536559775 -0.9945218953682735 -0.10224426555364681
vn -0.04251555625535746 0.9945218953682735 -0.09549150281252608
vn -0.1256885349454399 0.9510565162951534 -0.2823010715456029
vn -0.2033683215379002 0.866025403784439 -0.45677272882129993
vn -0.27215993660967674 0.7431448254773948 -0.6112812260087737
vn -0.32905685648334043 0.587785252292473 -0.7390738003669026
vn -0.3715724127386978 0.4067366430757996 -0.8345653031794293
vn -0.39784847155511627 0.2079116908177594 -0.8935822975543765
vn -0.4067366430758004 0 -0.9135454576426009
vn -0.39784847155511677 -0.2079116908177587 -0.8935822975543763
vn -0.37157241273869795 -0.4067366430758001 -0.834565303179429
vn -0.32905685648334054 -0.5877852522924732 -0.7390738003669025
vn -0.27215993660967697 -0.7431448254773944 -0.6112812260087741
vn -0.20336832153790058 -0.8660254037844385 -0.45677272882130054
vn -0.12568853494543994 -0.9510565162951535 -0.2823010715456024
vn -0.04251555625535746 -0.9945218953682735 -0.09549150281252608
vn -0.061440289153522065 0.9945218953682735 -0.08456530317942897
vn -0.18163563200134053 0.9510565162951534 -0.25000000000000056
vn -0.29389262614623635 0.866025403784439 -0.40450849718747345
vn -0.3933051022752569 0.7431448254773948 -0.5413380320007289
vn -0.4755282581475769 0.5877852522924728 -0.6545084971874742
vn -0.5369685473010989 0.4067366430757998 -0.7390738003669032
vn -0.5749407342765972 0.20791169081775993 -0.7913380320007295
vn -0.5877852522924731 0 -0.8090169943749476
vn -0.5749407342765971 -0.20791169081775923 -0.7913380320007299
vn -0.5369685473010988 -0.4067366430758003 -0.739073800366903
vn -0.47552825814757643 -0.5877852522924732 -0.654508497187474
vn -0.3933051022752571 -0.743144825477394 -0.5413380320007298
vn -0.29389262614623657 -0.8660254037844386 -0.404508497187474
vn -0.1816356320013401 -0.9510565162951535 -0.2500000000000003
vn -0.061440289153522065 -0.9945218953682735 -0.08456530317942897
vn -0.07767978659246039 0.9945218953682735 -0.06994319400804448
vn -0.22964438035431964 0.9510565162951534 -0.206772728821301
vn -0.3715724127386967 0.866025403784439 -0.33456530317942895
vn -0.4972609476841363 0.7431448254773947 -0.44773576836617324
vn -0.6012167930930165 0.587785252292473 -0.5413380320007296
vn -0.6788965796854771 0.4067366430757999 -0.6112812260087741
vn -0.7269053280384563 0.2079116908177597 -0.6545084971874732
vn -0.7431448254773947 0 -0.6691306063588577
vn -0.726905328038456 -0.20791169081775904 -0.6545084971874737
vn -0.6788965796854768 -0.4067366430758004 -0.6112812260087742
vn -0.6012167930930165 -0.587785252292473 -0.5413380320007295
vn -0.4972609476841369 -0.7431448254773942 -0.4477357683661731
vn -0.3715724127386972 -0.8660254037844386 -0.33456530317942934
vn -0.22964438035431922 -0.9510565162951535 -0.2067727288213006
vn -0.07767978659246039 -0.9945218953682735 -0.06994319400804448
vn -0.09052430460833628 0.9945218953682735 -0.05226423163382662
vn -0.267616567329818 0.9510565162951535 -0.15450849718747398
vn -0.43301270189221897 0.8660254037844389 -0.24999999999999978
vn -0.5794841035564563 0.7431448254773947 -0.33456530317942884
vn -0.7006292692220368 0.5877852522924729 -0.40450849718747384
vn -0.7911535738303734 0.40673664307579976 -0.4567727288213006
vn -0.8471006708862737 0.2079116908177593 -0.48907380036690323
vn -0.8660254037844385 0 -0.5000000000000004
vn -0.847100670886274 -0.20791169081775857 -0.48907380036690296
vn -0.7911535738303733 -0.4067366430758 -0.45677272882130054
vn -0.7006292692220368 -0.5877852522924732 -0.40450849718747367
vn -0.5794841035564563 -0.7431448254773944 -0.3345653031794295
vn -0.4330127018922197 -0.8660254037844385 -0.2500000000000002
vn -0.2676165673298175 -0.9510565162951536 -0.15450849718747367
vn -0.09052430460833628 -0.9945218953682735 -0.05226423163382662
vn -0.09941247612902025 0.9945218953682735 -0.0323010715456023
vn -0.2938926261462372 0.9510565162951535 -0.09549150281252648
vn -0.47552825814757643 0.866025403784439 -0.15450849718747364
vn -0.6363810234301189 0.7431448254773946 -0.20677272882130074
vn -0.7694208842938135 0.5877852522924731 -0.25
vn -0.868833360422834 0.40673664307579976 -0.2823010715456026
vn -0.9302736495763558 0.20791169081775965 -0.30226423163382676
vn -0.9510565162951535 0 -0.30901699437494756
vn -0.930273649576356 -0.20791169081775893 -0.30226423163382693
vn -0.8688333604228339 -0.40673664307580015 -0.2823010715456023
vn -0.7694208842938131 -0.5877852522924732 -0.2500000000000004
vn -0.6363810234301197 -0.743144825477394 -0.2067727288213006
vn -0.4755282581475771 -0.8660254037844385 -0.15450849718747398
vn -0.29389262614623657 -0.9510565162951536 -0.09549150281252634
vn -0.09941247612902025 -0.9945218953682735 -0.0323010715456023
vn -0.10395584540887948 0.9945218953682735 -0.0109261996330972
vn -0.30732416694678044 0.9510565162951535 -0.032301071545602515
vn -0.4972609476841363 0.866025403784439 -0.05226423163382678
vn -0.6654650388849332 0.7431448254773947 -0.06994319400804459
vn -0.8045851146309169 0.5877852522924729 -0.08456530317942955
vn -0.9085409600397963 0.40673664307580004 -0.09549150281252661
vn -0.9727892058317136 0.2079116908177596 -0.10224426555364723
vn -0.9945218953682734 0 -0.10452846326765378
vn -0.9727892058317136 -0.20791169081775884 -0.10224426555364731
vn -0.908540960039796 -0.4067366430758004 -0.09549150281252673
vn -0.8045851146309166 -0.5877852522924729 -0.08456530317942924
vn -0.6654650388849339 -0.7431448254773941 -0.06994319400804457
vn -0.49726094768413703 -0.8660254037844387 -0.05226423163382666
vn -0.30732416694677983 -0.9510565162951536 -0.032301071545602474
vn -0.10395584540887948 -0.9945218953682735 -0.0109261996330972
vn -0.10395584540887946 0.9945218953682734 0.010926199633097202
vn -0.30732416694678044 0.9510565162951535 0.032301071545602356
vn -0.4972609476841363 0.866025403784439 0.05226423163382667
vn -0.6654650388849332 0.7431448254773947 0.06994319400804469
vn -0.8045851146309165 0.5877852522924729 0.08456530317942952
vn -0.9085409600397963 0.4067366430757998 0.09549150281252661
vn -0.9727892058317136 0.20791169081775954 0.10224426555364727
vn -0.9945218953682734 0 0.10452846326765378
vn -0.9727892058317136 -0.20791169081775882 0.10224426555364732
vn -0.9085409600397962 -0.4067366430758003 0.09549150281252669
vn -0.8045851146309165 -0.5877852522924732 0.08456530317942915
vn -0.6654650388849339 -0.743144825477394 0.06994319400804454
vn -0.497260947684137 -0.8660254037844385 0.052264231633826805
vn -0.30732416694677983 -0.9510565162951535 0.03230107154560249
vn -0.10395584540887949 -0.9945218953682735 0.010926199633097204
vn -0.09941247612902028 0.9945218953682735 0.032301071545602224
vn -0.2938926261462372 0.9510565162951535 0.09549150281252648
vn -0.4755282581475764 0.8660254037844389 0.15450849718747334
vn -0.6363810234301192 0.7431448254773948 0.20677272882130007
vn -0.769420884293814 0.5877852522924728 0.24999999999999942
vn -0.8688333604228341 0.40673664307579993 0.2823010715456021
vn -0.9302736495763562 0.20791169081775954 0.30226423163382626
vn -0.9510565162951539 0 0.309016994374947
vn -0.9302736495763563 -0.20791169081775887 0.30226423163382626
vn -0.8688333604228341 -0.4067366430758003 0.28230107154560147
vn -0.7694208842938136 -0.5877852522924729 0.24999999999999978
vn -0.6363810234301198 -0.7431448254773941 0.2067727288213003
vn -0.4755282581475771 -0.8660254037844386 0.15450849718747398
vn -0.2938926261462367 -0.9510565162951536 0.09549150281252587
vn -0.09941247612902028 -0.9945218953682735 0.032301071545602224
vn -0.09052430460833628 0.9945218953682735 0.05226423163382662
vn -0.2676165673298181 0.9510565162951534 0.15450849718747386
vn -0.43301270189221897 0.866025403784439 0.24999999999999983
vn -0.5794841035564563 0.7431448254773947 0.3345653031794288
vn -0.7006292692220367 0.587785252292473 0.4045084971874739
vn -0.7911535738303739 0.40673664307579965 0.4567727288213003
vn -0.8471006708862742 0.20791169081775968 0.48907380036690257
vn -0.8660254037844388 0 0.4999999999999997
vn -0.8471006708862743 -0.2079116908177589 0.4890738003669024
vn -0.7911535738303732 -0.4067366430758 0.45677272882130066
vn -0.7006292692220367 -0.5877852522924734 0.4045084971874738
vn -0.5794841035564566 -0.743144825477394 0.3345653031794292
vn -0.43301270189221963 -0.8660254037844385 0.2499999999999999
vn -0.2676165673298176 -0.9510565162951538 0.15450849718747384
vn -0.0905243046083363 -0.9945218953682734 0.052264231633826624
vn -0.07767978659246043 0.9945218953682735 0.06994319400804443
vn -0.2296443803543198 0.9510565162951535 0.20677272882130074
vn -0.3715724127386972 0.8660254037844389 0.3345653031794285
vn -0.4972609476841363 0.7431448254773948 0.44773576836617274
vn -0.6012167930930171 0.5877852522924728 0.541338032000729
vn -0.6788965796854772 0.4067366430758001 0.6112812260087741
vn -0.7269053280384564 0.20791169081775954 0.6545084971874731
vn -0.7431448254773948 0 0.6691306063588577
vn -0.7269053280384564 -0.20791169081775882 0.6545084971874735
vn -0.6788965796854775 -0.40673664307580054 0.6112812260087733
vn -0.6012167930930169 -0.5877852522924731 0.5413380320007292
vn -0.4972609476841369 -0.743144825477394 0.4477357683661735
vn -0.3715724127386975 -0.8660254037844385 0.33456530317942923
vn -0.2296443803543193 -0.9510565162951536 0.2067727288213005
vn -0.07767978659246043 -0.9945218953682735 0.06994319400804443
vn -0.06144028915352214 0.9945218953682735 0.08456530317942891
vn -0.18163563200134075 0.9510565162951535 0.2500000000000005
vn -0.2938926261462365 0.8660254037844392 0.4045084971874732
vn -0.3933051022752572 0.7431448254773946 0.541338032000729
vn -0.47552825814757704 0.5877852522924731 0.6545084971874735
vn -0.5369685473011 0.4067366430757996 0.7390738003669026
vn -0.5749407342765972 0.20791169081775995 0.7913380320007294
vn -0.5877852522924732 0 0.8090169943749473
vn -0.5749407342765979 -0.207911690817759 0.7913380320007292
vn -0.5369685473010993 -0.4067366430758001 0.7390738003669026
vn -0.47552825814757704 -0.5877852522924732 0.6545084971874735
vn -0.3933051022752575 -0.7431448254773942 0.5413380320007294
vn -0.2938926261462371 -0.8660254037844385 0.4045084971874737
vn -0.1816356320013405 -0.9510565162951535 0.25000000000000006
vn -0.06144028915352214 -0.9945218953682735 0.08456530317942891
vn -0.04251555625535746 0.9945218953682734 0.09549150281252607
vn -0.12568853494544 0.9510565162951535 0.2823010715456029
vn -0.2033683215379001 0.866025403784439 0.4567727288213
vn -0.2721599366096772 0.7431448254773946 0.6112812260087735
vn -0.3290568564833404 0.5877852522924732 0.7390738003669026
vn -0.3715724127386974 0.40673664307579993 0.8345653031794291
vn -0.39784847155511693 0.20791169081775923 0.8935822975543765
vn -0.4067366430758008 0 0.9135454576426006
vn -0.39784847155511666 -0.20791169081775843 0.8935822975543766
vn -0.3715724127386978 -0.40673664307580043 0.8345653031794288
vn -0.32905685648334043 -0.5877852522924732 0.7390738003669024
vn -0.27215993660967724 -0.7431448254773941 0.6112812260087742
vn -0.2033683215379005 -0.8660254037844387 0.45677272882130066
vn -0.12568853494543983 -0.9510565162951538 0.2823010715456024
vn -0.04251555625535746 -0.9945218953682734 0.09549150281252607
vn -0.02173268953655986 0.9945218953682735 0.10224426555364678
vn -0.06424824579191776 0.9510565162951534 0.3022642316338273
vn -0.10395584540887971 0.8660254037844389 0.48907380036690234
vn -0.1391200757459827 0.7431448254773949 0.6545084971874732
vn -0.16820409120079738 0.587785252292473 0.7913380320007296
vn -0.18993678073735762 0.40673664307579965 0.8935822975543768
vn -0.20336832153790102 0.20791169081775948 0.9567727288213003
vn -0.2079116908177602 0 0.9781476007338055
vn -0.20336832153790083 -0.20791169081775876 0.9567727288213006
vn -0.18993678073735715 -0.4067366430758 0.8935822975543766
vn -0.16820409120079716 -0.5877852522924732 0.7913380320007296
vn -0.13912007574598306 -0.7431448254773944 0.6545084971874736
vn -0.10395584540888009 -0.8660254037844386 0.489073800366903
vn -0.06424824579191744 -0.9510565162951536 0.30226423163382693
vn -0.021732689536559855 -0.9945218953682735 0.10224426555364677
vn 0 0.9945218953682735 0.10452846326765329
vn 0 0.9510565162951535 0.3090169943749481
vn 0 0.8660254037844388 0.49999999999999967
vn 0 0.7431448254773947 0.6691306063588578
vn 0 0.5877852522924731 0.8090169943749477
vn 0 0.4067366430757998 0.9135454576426011
vn 0 0.20791169081775962 0.9781476007338056
vn 0 0 1
vn 0 -0.20791169081775895 0.9781476007338057
vn 0 -0.40673664307580026 0.9135454576426009
vn 0 -0.5877852522924732 0.8090169943749475
vn 0 -0.7431448254773942 0.6691306063588583
vn 0 -0.8660254037844386 0.5000000000000004
vn 0 -0.9510565162951536 0.3090169943749475
vn 0 -0.9945218953682735 0.10452846326765329
usemtl m_32ace80e-c9c5-15f0-eb34-124d03c7471c
f 3/1/1 17/2/1 2/3/1
f 3/4/2 4/5/2 18/6/2 17/7/2
f 4/8/3 5/9/3 19/10/3 18/11/3
f 5/12/4 6/13/4 20/14/4 19/15/4
f 6/16/5 7/17/5 21/18/5 20/19/5
f 7/20/6 8/21/6 22/22/6 21/23/6
f 8/24/7 9/25/7 23/26/7 22/27/7
f 9/28/8 10/29/8 24/30/8 23/31/8
f 10/32/9 11/33/9 25/34/9 24/35/9
f 11/36/10 12/37/10 26/38/10 25/39/10
f 12/40/11 13/41/11 27/42/11 26/43/11
f 13/44/12 14/45/12 28/46/12 27/47/12
f 14/48/13 15/49/13 29/50/13 28/51/13
f 15/52/14 16/53/14 30/54/14 29/55/14
f 30/56/15 16/57/15 1/58/15
f 17/59/16 31/60/16 2/61/16
f 17/62/17 18/63/17 32/64/17 31/65/17
f 18/66/18 19/67/18 33/68/18 32/69/18
f 19/70/19 20/71/19 34/72/19 33/73/19
f 20/74/20 21/75/20 35/76/20 34/77/20
f 21/78/21 22/79/21 36/80/21 35/81/21
f 22/82/22 23/83/22 37/84/22 36/85/22
f 23/86/23 24/87/23 38/88/23 37/89/23
f 24/90/24 25/91/24 39/92/24 38/93/24
f 25/94/25 26/95/25 40/96/25 39/97/25
f 26/98/26 27/99/26 41/100/26 40/101/26
f 27/102/27 28/103/27 42/104/27 41/105/27
f 28/106/28 29/107/28 43/108/28 42/109/28
f 29/110/29 30/111/29 44/112/29 43/113/29
f 44/114/30 30/115/30 1/116/30
f 31/117/31 45/118/31 2/119/31
f 31/120/32 32/121/32 46/122/32 45/123/32
f 32/124/33 33/125/33 47/126/33 46/127/33
f 33/128/34 34/129/34 48/130/34 47/131/34
f 34/132/35 35/133/35 49/134/35 48/135/35
f 35/136/36 36/137/36 50/138/36 49/139/36
f 36/140/37 37/141/37 51/142/37 50/143/37
f 37/144/38 38/145/38 52/146/38 51/147/38
f 38/148/39 39/149/39 53/150/39 52/151/39
f 39/152/40 40/153/40 54/154/40 53/155/40
f 40/156/41 41/157/41 55/158/41 54/159/41
f 41/160/42 42/161/42 56/162/42 55/163/42
f 42/164/43 43/165/43 57/166/43 56/167/43
f 43/168/44 44/169/44 58/170/44 57/171/44
f 58/172/45 44/173/45 1/174/45
f 45/175/46 59/176/46 2/177/46
f 45/178/47 46/179/47 60/180/47 59/181/47
f 46/182/48 47/183/48 61/184/48 60/185/48
f 47/186/49 48/187/49 62/188/49 61/189/49
f 48/190/50 49/191/50 63/192/50 62/193/50
f 49/194/51 50/195/51 64/196/51 63/197/51
f 50/198/52 51/199/52 65/200/52 64/201/52
f 51/202/53 52/203/53 66/204/53 65/205/53
f 52/206/54 53/207/54 67/208/54 66/209/54
f 53/210/55 54/211/55 68/212/55 67/213/55
f 54/214/56 55/215/56 69/216/56 68/217/56
f 55/218/57 56/219/57 70/220/57 69/221/57
f 56/222/58 57/223/58 71/224/58 70/225/58
f 57/226/59 58/227/59 72/228/59 71/229/59
f 72/230/60 58/231/60 1/232/60
f 59/233/61 73/234/61 2/235/61
f 59/236/62 60/237/62 74/238/62 73/239/62
f 60/240/63 61/241/63 75/242/63 74/243/63
f 61/244/64 62/245/64 76/246/64 75/247/64
f 62/248/65 63/249/65 77/250/65 76/251/65
f 63/252/66 64/253/66 78/254/66 77/255/66
f 64/256/67 65/257/67 79/258/67 78/259/67
f 65/260/68 66/261/68 80/262/68 79/263/68
f 66/264/69 67/265/69 81/266/69 80/267/69
f 67/268/70 68/269/70 82/270/70 81/271/70
f 68/272/71 69/273/71 83/274/71 82/275/71
f 69/276/72 70/277/72 84/278/72 83/279/72
f 70/280/73 71/281/73 85/282/73 84/283/73
f 71/284/74 72/285/74 86/286/74 85/287/74
f 86/288/75 72/289/75 1/290/75
f 73/291/76 87/292/76 2/293/76
f 73/294/77 74/295/77 88/296/77 87/297/77
f 74/298/78 75/299/78 89/300/78 88/301/78
f 75/302/79 76/303/79 90/304/79 89/305/79
f 76/306/80 77/307/80 91/308/80 90/309/80
f 77/310/81 78/311/81 92/312/81 91/313/81
f 78/314/82 79/315/82 93/316/82 92/317/82
f 79/318/83 80/319/83 94/320/83 93/321/83
f 80/322/84 81/323/84 95/324/84 94/325/84
f 81/326/85 82/327/85 96/328/85 95/329/85
f 82/330/86 83/331/86 97/332/86 96/333/86
f 83/334/87 84/335/87 98/336/87 97/337/87
f 84/338/88 85/339/88 99/340/88 98/341/88
f 85/342/89 86/343/89 100/344/89 99/345/89
f 100/346/90 86/347/90 1/348/90
f 87/349/91 101/350/91 2/351/91
f 87/352/92 88/353/92 102/354/92 101/355/92
f 88/356/93 89/357/93 103/358/93 102/359/93
f 89/360/94 90/361/94 104/362/94 103/363/94
f 90/364/95 91/365/95 105/366/95 104/367/95
f 91/368/96 92/369/96 106/370/96 105/371/96
f 92/372/97 93/373/97 107/374/97 106/375/97
f 93/376/98 94/377/98 108/378/98 107/379/98
f 94/380/99 95/381/99 109/382/99 108/383/99
f 95/384/100 96/385/100 110/386/100 109/387/100
f 96/388/101 97/389/101 111/390/101 110/391/101
f 97/392/102 98/393/102 112/394/102 111/395/102
f 98/396/103 99/397/103 113/398/103 112/399/103
f 99/400/104 100/401/104 114/402/104 113/403/104
f 114/404/105 100/405/105 1/406/105
f 101/407/106 115/408/106 2/409/106
f 101/410/107 102/411/107 116/412/107 115/413/107
f 102/414/108 103/415/108 117/416/108 116/417/108
f 103/418/109 104/419/109 118/420/109 117/421/109
f 104/422/110 105/423/110 119/424/110 118/425/110
f 105/426/111 106/427/111 120/428/111 119/429/111
f 106/430/112 107/431/112 121/432/112 120/433/112
f 107/434/113 108/435/113 122/436/113 121/437/113
f 108/438/114 109/439/114 123/440/114 122/441/114
f 109/442/115 110/443/115 124/444/115 123/445/115
f 110/446/116 111/447/116 125/448/116 124/449/116
f 111/450/117 112/451/117 126/452/117 125/453/117
f 112/454/118 113/455/118 127/456/118 126/457/118
f 113/458/119 114/459/119 128/460/119 127/461/119
f 128/462/120 114/463/120 1/464/120
f 115/465/121 129/466/121 2/467/121
f 115/468/122 116/469/122 130/470/122 129/471/122
f 116/472/123 117/473/123 131/474/123 130/475/123
f 117/476/124 118/477/124 132/478/124 131/479/124
f 118/480/125 119/481/125 133/482/125 132/483/125
f 119/484/126 120/485/126 134/486/126 133/487/126
f 120/488/127 121/489/127 135/490/127 134/491/127
f 121/492/128 122/493/128 136/494/128 135/495/128
f 122/496/129 123/497/129 137/498/129 136/499/129
f 123/500/130 124/501/130 138/502/130 137/503/130
f 124/504/131 125/505/131 139/506/131 138/507/131
f 125/508/132 126/509/132 140/510/132 139/511/132
f 126/512/133 127/513/133 141/514/133 140/515/133
f 127/516/134 128/517/134 142/518/134 141/519/134
f 142/520/135 128/521/135 1/522/135
f 129/523/136 143/524/136 2/525/136
f 129/526/137 130/527/137 144/528/137 143/529/137
f 130/530/138 131/531/138 145/532/138 144/533/138
f 131/534/139 132/535/139 146/536/139 145/537/139
f 132/538/140 133/539/140 147/540/140 146/541/140
f 133/542/141 134/543/141 148/544/141 147/545/141
f 134/546/142 135/547/142 149/548/142 148/549/142
f 135/550/143 136/551/143 150/552/143 149/553/143
f 136/554/144 137/555/144 151/556/144 150/557/144
f 137/558/145 138/559/145 152/560/145 151/561/145
f 138/562/146 139/563/146 153/564/146 152/565/146
f 139/566/147 140/567/147 154/568/147 153/569/147
f 140/570/148 141/571/148 155/572/148 154/573/148
f 141/574/149 142/575/149 156/576/149 155/577/149
f 156/578/150 142/579/150 1/580/150
f 143/581/151 157/582/151 2/583/151
f 143/584/152 144/585/152 158/586/152 157/587/152
f 144/588/153 145/589/153 159/590/153 158/591/153
f 145/592/154 146/593/154 160/594/154 159/595/154
f 146/596/155 147/597/155 161/598/155 160/599/155
f 147/600/156 148/601/156 162/602/156 161/603/156
f 148/604/157 149/605/157 163/606/157 162/607/157
f 149/608/158 150/609/158 164/610/158 163/611/158
f 150/612/159 151/613/159 165/614/159 164/615/159
f 151/616/160 152/617/160 166/618/160 165/619/160
f 152/620/161 153/621/161 167/622/161 166/623/161
f 153/624/162 154/625/162 168/626/162 167/627/162
f 154/628/163 155/629/163 169/630/163 168/631/163
f 155/632/164 156/633/164 170/634/164 169/635/164
f 170/636/165 156/637/165 1/638/165
f 157/639/166 171/640/166 2/641/166
f 157/642/167 158/643/167 172/644/167 171/645/167
f 158/646/168 159/647/168 173/648/168 172/649/168
f 159/650/169 160/651/169 174/652/169 173/653/169
f 160/654/170 161/655/170 175/656/170 174/657/170
f 161/658/171 162/659/171 176/660/171 175/661/171
f 162/662/172 163/663/172 177/664/172 176/665/172
f 163/666/173 164/667/173 178/668/173 177/669/173
f 164/670/174 165/671/174 179/672/174 178/673/174
f 165/674/175 166/675/175 180/676/175 179/677/175
f 166/678/176 167/679/176 181/680/176 180/681/176
f 167/682/177 168/683/177 182/684/177 181/685/177
f 168/686/178 169/687/178 183/688/178 182/689/178
f 169/690/179 170/691/179 184/692/179 183/693/179
f 184/694/180 170/695/180 1/696/180
f 171/697/181 185/698/181 2/699/181
f 171/700/182 172/701/182 186/702/182 185/703/182
f 172/704/183 173/705/183 187/706/183 186/707/183
f 173/708/184 174/709/184 188/710/184 187/711/184
f 174/712/185 175/713/185 189/714/185 188/715/185
f 175/716/186 176/717/186 190/718/186 189/719/186
f 176/720/187 177/721/187 191/722/187 190/723/187
f 177/724/188 178/725/188 192/726/188 191/727/188
f 178/728/189 179/729/189 193/730/189 192/731/189
f 179/732/190 180/733/190 194/734/190 193/735/190
f 180/736/191 181/737/191 195/738/191 194/739/191
f 181/740/192 182/741/192 196/742/192 195/743/192
f 182/744/193 183/745/193 197/746/193 196/747/193
f 183/748/194 184/749/194 198/750/194 197/751/194
f 198/752/195 184/753/195 1/754/195
f 185/755/196 199/756/196 2/757/196
f 185/758/197 186/759/197 200/760/197 199/761/197
f 186/762/198 187/763/198 201/764/198 200/765/198
f 187/766/199 188/767/199 202/768/199 201/769/199
f 188/770/200 189/771/200 203/772/200 202/773/200
f 189/774/201 190/775/201 204/776/201 203/777/201
f 190/778/202 191/779/202 205/780/202 204/781/202
f 191/782/203 192/783/203 206/784/203 205/785/203
f 192/786/204 193/787/204 207/788/204 206/789/204
f 193/790/205 194/791/205 208/792/205 207/793/205
f 194/794/206 195/795/206 209/796/206 208/797/206
f 195/798/207 196/799/207 210/800/207 209/801/207
f 196/802/208 197/803/208 211/804/208 210/805/208
f 197/806/209 198/807/209 212/808/209 211/809/209
f 212/810/210 198/811/210 1/812/210
f 199/813/211 213/814/211 2/815/211
f 199/816/212 200/817/212 214/818/212 213/819/212
f 200/820/213 201/821/213 215/822/213 214/823/213
f 201/824/214 202/825/214 216/826/214 215/827/214
f 202/828/215 203/829/215 217/830/215 216/831/215
f 203/832/216 204/833/216 218/834/216 217/835/216
f 204/836/217 205/837/217 219/838/217 218/839/217
f 205/840/218 206/841/218 220/842/218 219/843/218
f 206/844/219 207/845/219 221/846/219 220/847/219
f 207/848/220 208/849/220 222/850/220 221/851/220
f 208/852/221 209/853/221 223/854/221 222/855/221
f 209/856/222 210/857/222 224/858/222 223/859/222
f 210/860/223 211/861/223 225/862/223 224/863/223
f 211/864/224 212/865/224 226/866/224 225/867/224
f 226/868/225 212/869/225 1/870/225
f 213/871/226 227/872/226 2/873/226
f 213/874/227 214/875/227 228/876/227 227/877/227
f 214/878/228 215/879/228 229/880/228 228/881/228
f 215/882/229 216/883/229 230/884/229 229/885/229
f 216/886/230 217/887/230 231/888/230 230/889/230
f 217/890/231 218/891/231 232/892/231 231/893/231
f 218/894/232 219/895/232 233/896/232 232/897/232
f 219/898/233 220/899/233 234/900/233 233/901/233
f 220/902/234 221/903/234 235/904/234 234/905/234
f 221/906/235 222/907/235 236/908/235 235/909/235
f 222/910/236 223/911/236 237/912/236 236/913/236
f 223/914/237 224/915/237 238/916/237 237/917/237
f 224/918/238 225/919/238 239/920/238 238/921/238
f 225/922/239 226/923/239 240/924/239 239/925/239
f 240/926/240 226/927/240 1/928/240
f 227/929/241 241/930/241 2/931/241
f 227/932/242 228/933/242 242/934/242 241/935/242
f 228/936/243 229/937/243 243/938/243 242/939/243
f 229/940/244 230/941/244 244/942/244 243/943/244
f 230/944/245 231/945/245 245/946/245 244/947/245
f 231/948/246 232/949/246 246/950/246 245/951/246
f 232/952/247 233/953/247 247/954/247 246/955/247
f 233/956/248 234/957/248 248/958/248 247/959/248
f 234/960/249 235/961/249 249/962/249 248/963/249
f 235/964/250 236/965/250 250/966/250 249/967/250
f 236/968/251 237/969/251 251/970/251 250/971/251
f 237/972/252 238/973/252 252/974/252 251/975/252
f 238/976/253 239/977/253 253/978/253 252/979/253
f 239/980/254 240/981/254 254/982/254 253/983/254
f 254/984/255 240/985/255 1/986/255
f 241/987/256 255/988/256 2/989/256
f 241/990/257 242/991/257 256/992/257 255/993/257
f 242/994/258 243/995/258 257/996/258 256/997/258
f 243/998/259 244/999/259 258/1000/259 257/1001/259
f 244/1002/260 245/1003/260 259/1004/260 258/1005/260
f 245/1006/261 246/1007/261 260/1008/261 259/1009/261
f 246/1010/262 247/1011/262 261/1012/262 260/1013/262
f 247/1014/263 248/1015/263 262/1016/263 261/1017/263
f 248/1018/264 249/1019/264 263/1020/264 262/1021/264
f 249/1022/265 250/1023/265 264/1024/265 263/1025/265
f 250/1026/266 251/1027/266 265/1028/266 264/1029/266
f 251/1030/267 252/1031/267 266/1032/267 265/1033/267
f 252/1034/268 253/1035/268 267/1036/268 266/1037/268
f 253/1038/269 254/1039/269 268/1040/269 267/1041/269
f 268/1042/270 254/1043/270 1/1044/270
f 255/1045/271 269/1046/271 2/1047/271
f 255/1048/272 256/1049/272 270/1050/272 269/1051/272
f 256/1052/273 257/1053/273 271/1054/273 270/1055/273
f 257/1056/274 258/1057/274 272/1058/274 271/1059/274
f 258/1060/275 259/1061/275 273/1062/275 272/1063/275
f 259/1064/276 260/1065/276 274/1066/276 273/1067/276
f 260/1068/277 261/1069/277 275/1070/277 274/1071/277
f 261/1072/278 262/1073/278 276/1074/278 275/1075/278
f 262/1076/279 263/1077/279 277/1078/279 276/1079/279
f 263/1080/280 264/1081/280 278/1082/280 277/1083/280
f 264/1084/281 265/1085/281 279/1086/281 278/1087/281
f 265/1088/282 266/1089/282 280/1090/282 279/1091/282
f 266/1092/283 267/1093/283 281/1094/283 280/1095/283
f 267/1096/284 268/1097/284 282/1098/284 281/1099/284
f 282/1100/285 268/1101/285 1/1102/285
f 269/1103/286 283/1104/286 2/1105/286
f 269/1106/287 270/1107/287 284/1108/287 283/1109/287
f 270/1110/288 271/1111/288 285/1112/288 284/1113/288
f 271/1114/289 272/1115/289 286/1116/289 285/1117/289
f 272/1118/290 273/1119/290 287/1120/290 286/1121/290
f 273/1122/291 274/1123/291 288/1124/291 287/1125/291
f 274/1126/292 275/1127/292 289/1128/292 288/1129/292
f 275/1130/293 276/1131/293 290/1132/293 289/1133/293
f 276/1134/294 277/1135/294 291/1136/294 290/1137/294
f 277/1138/295 278/1139/295 292/1140/295 291/1141/295
f 278/1142/296 279/1143/296 293/1144/296 292/1145/296
f 279/1146/297 280/1147/297 294/1148/297 293/1149/297
f 280/1150/298 281/1151/298 295/1152/298 294/1153/298
f 281/1154/299 282/1155/299 296/1156/299 295/1157/299
f 296/1158/300 282/1159/300 1/1160/300
f 283/1161/301 297/1162/301 2/1163/301
f 283/1164/302 284/1165/302 298/1166/302 297/1167/302
f 284/1168/303 285/1169/303 299/1170/303 298/1171/303
f 285/1172/304 286/1173/304 300/1174/304 299/1175/304
f 286/1176/305 287/1177/305 301/1178/305 300/1179/305
f 287/1180/306 288/1181/306 302/1182/306 301/1183/306
f 288/1184/307 289/1185/307 303/1186/307 302/1187/307
f 289/1188/308 290/1189/308 304/1190/308 303/1191/308
f 290/1192/309 291/1193/309 305/1194/309 304/1195/309
f 291/1196/310 292/1197/310 306/1198/310 305/1199/310
f 292/1200/311 293/1201/311 307/1202/311 306/1203/311
f 293/1204/312 294/1205/312 308/1206/312 307/1207/312
f 294/1208/313 295/1209/313 309/1210/313 308/1211/313
f 295/1212/314 296/1213/314 310/1214/314 309/1215/314
f 310/1216/315 296/1217/315 1/1218/315
f 297/1219/316 311/1220/316 2/1221/316
f 297/1222/317 298/1223/317 312/1224/317 311/1225/317
f 298/1226/318 299/1227/318 313/1228/318 312/1229/318
f 299/1230/319 300/1231/319 314/1232/319 313/1233/319
f 300/1234/320 301/1235/320 315/1236/320 314/1237/320
f 301/1238/321 302/1239/321 316/1240/321 315/1241/321
f 302/1242/322 303/1243/322 317/1244/322 316/1245/322
f 303/1246/323 304/1247/323 318/1248/323 317/1249/323
f 304/1250/324 305/1251/324 319/1252/324 318/1253/324
f 305/1254/325 306/1255/325 320/1256/325 319/1257/325
f 306/1258/326 307/1259/326 321/1260/326 320/1261/326
f 307/1262/327 308/1263/327 322/1264/327 321/1265/327
f 308/1266/328 309/1267/328 323/1268/328 322/1269/328
f 309/1270/329 310/1271/329 324/1272/329 323/1273/329
f 324/1274/330 310/1275/330 1/1276/330
f 311/1277/331 325/1278/331 2/1279/331
f 311/1280/332 312/1281/332 326/1282/332 325/1283/332
f 312/1284/333 313/1285/333 327/1286/333 326/1287/333
f 313/1288/334 314/1289/334 328/1290/334 327/1291/334
f 314/1292/335 315/1293/335 329/1294/335 328/1295/335
f 315/1296/336 316/1297/336 330/1298/336 329/1299/336
f 316/1300/337 317/1301/337 331/1302/337 330/1303/337
f 317/1304/338 318/1305/338 332/1306/338 331/1307/338
f 318/1308/339 319/1309/339 333/1310/339 332/1311/339
f 319/1312/340 320/1313/340 334/1314/340 333/1315/340
f 320/1316/341 321/1317/341 335/1318/341 334/1319/341
f 321/1320/342 322/1321/342 336/1322/342 335/1323/342
f 322/1324/343 323/1325/343 337/1326/343 336/1327/343
f 323/1328/344 324/1329/344 338/1330/344 337/1331/344
f 338/1332/345 324/1333/345 1/1334/345
f 325/1335/346 339/1336/346 2/1337/346
f 325/1338/347 326/1339/347 340/1340/347 339/1341/347
f 326/1342/348 327/1343/348 341/1344/348 340/1345/348
f 327/1346/349 328/1347/349 342/1348/349 341/1349/349
f 328/1350/350 329/1351/350 343/1352/350 342/1353/350
f 329/1354/351 330/1355/351 344/1356/351 343/1357/351
f 330/1358/352 331/1359/352 345/1360/352 344/1361/352
f 331/1362/353 332/1363/353 346/1364/353 345/1365/353
f 332/1366/354 333/1367/354 347/1368/354 346/1369/354
f 333/1370/355 334/1371/355 348/1372/355 347/1373/355
f 334/1374/356 335/1375/356 349/1376/356 348/1377/356
f 335/1378/357 336/1379/357 350/1380/357 349/1381/357
f 336/1382/358 337/1383/358 351/1384/358 350/1385/358
f 337/1386/359 338/1387/359 352/1388/359 351/1389/359
f 352/1390/360 338/1391/360 1/1392/360
f 339/1393/361 353/1394/361 2/1395/361
f 339/1396/362 340/1397/362 354/1398/362 353/1399/362
f 340/1400/363 341/1401/363 355/1402/363 354/1403/363
f 341/1404/364 342/1405/364 356/1406/364 355/1407/364
f 342/1408/365 343/1409/365 357/1410/365 356/1411/365
f 343/1412/366 344/1413/366 358/1414/366 357/1415/366
f 344/1416/367 345/1417/367 359/1418/367 358/1419/367
f 345/1420/368 346/1421/368 360/1422/368 359/1423/368
f 346/1424/369 347/1425/369 361/1426/369 360/1427/369
f 347/1428/370 348/1429/370 362/1430/370 361/1431/370
f 348/1432/371 349/1433/371 363/1434/371 362/1435/371
f 349/1436/372 350/1437/372 364/1438/372 363/1439/372
f 350/1440/373 351/1441/373 365/1442/373 364/1443/373
f 351/1444/374 352/1445/374 366/1446/374 365/1447/374
f 366/1448/375 352/1449/375 1/1450/375
f 353/1451/376 367/1452/376 2/1453/376
f 353/1454/377 354/1455/377 368/1456/377 367/1457/377
f 354/1458/378 355/1459/378 369/1460/378 368/1461/378
f 355/1462/379 356/1463/379 370/1464/379 369/1465/379
f 356/1466/380 357/1467/380 371/1468/380 370/1469/380
f 357/1470/381 358/1471/381 372/1472/381 371/1473/381
f 358/1474/382 359/1475/382 373/1476/382 372/1477/382
f 359/1478/383 360/1479/383 374/1480/383 373/1481/383
f 360/1482/384 361/1483/384 375/1484/384 374/1485/384
f 361/1486/385 362/1487/385 376/1488/385 375/1489/385
f 362/1490/386 363/1491/386 377/1492/386 376/1493/386
f 363/1494/387 364/1495/387 378/1496/387 377/1497/387
f 364/1498/388 365/1499/388 379/1500/388 378/1501/388
f 365/1502/389 366/1503/389 380/1504/389 379/1505/389
f 380/1506/390 366/1507/390 1/1508/390
f 367/1509/391 381/1510/391 2/1511/391
f 367/1512/392 368/1513/392 382/1514/392 381/1515/392
f 368/1516/393 369/1517/393 383/1518/393 382/1519/393
f 369/1520/394 370/1521/394 384/1522/394 383/1523/394
f 370/1524/395 371/1525/395 385/1526/395 384/1527/395
f 371/1528/396 372/1529/396 386/1530/396 385/1531/396
f 372/1532/397 373/1533/397 387/1534/397 386/1535/397
f 373/1536/398 374/1537/398 388/1538/398 387/1539/398
f 374/1540/399 375/1541/399 389/1542/399 388/1543/399
f 375/1544/400 376/1545/400 390/1546/400 389/1547/400
f 376/1548/401 377/1549/401 391/1550/401 390/1551/401
f 377/1552/402 378/1553/402 392/1554/402 391/1555/402
f 378/1556/403 379/1557/403 393/1558/403 392/1559/403
f 379/1560/404 380/1561/404 394/1562/404 393/1563/404
f 394/1564/405 380/1565/405 1/1566/405
f 381/1567/406 395/1568/406 2/1569/406
f 381/1570/407 382/1571/407 396/1572/407 395/1573/407
f 382/1574/408 383/1575/408 397/1576/408 396/1577/408
f 383/1578/409 384/1579/409 398/1580/409 397/1581/409
f 384/1582/410 385/1583/410 399/1584/410 398/1585/410
f 385/1586/411 386/1587/411 400/1588/411 399/1589/411
f 386/1590/412 387/1591/412 401/1592/412 400/1593/412
f 387/1594/413 388/1595/413 402/1596/413 401/1597/413
f 388/1598/414 389/1599/414 403/1600/414 402/1601/414
f 389/1602/415 390/1603/415 404/1604/415 403/1605/415
f 390/1606/416 391/1607/416 405/1608/416 404/1609/416
f 391/1610/417 392/1611/417 406/1612/417 405/1613/417
f 392/1614/418 393/1615/418 407/1616/418 406/1617/418
f 393/1618/419 394/1619/419 408/1620/419 407/1621/419
f 408/1622/420 394/1623/420 1/1624/420
f 395/1625/421 409/1626/421 2/1627/421
f 395/1628/422 396/1629/422 410/1630/422 409/1631/422
f 396/1632/423 397/1633/423 411/1634/423 410/1635/423
f 397/1636/424 398/1637/424 412/1638/424 411/1639/424
f 398/1640/425 399/1641/425 413/1642/425 412/1643/425
f 399/1644/426 400/1645/426 414/1646/426 413/1647/426
f 400/1648/427 401/1649/427 415/1650/427 414/1651/427
f 401/1652/428 402/1653/428 416/1654/428 415/1655/428
f 402/1656/429 403/1657/429 417/1658/429 416/1659/429
f 403/1660/430 404/1661/430 418/1662/430 417/1663/430
f 404/1664/431 405/1665/431 419/1666/431 418/1667/431
f 405/1668/432 406/1669/432 420/1670/432 419/1671/432
f 406/1672/433 407/1673/433 421/1674/433 420/1675/433
f 407/1676/434 408/1677/434 422/1678/434 421/1679/434
f 422/1680/435 408/1681/435 1/1682/435
f 409/1683/436 3/1684/436 2/1685/436
f 409/1686/437 410/1687/437 4/1688/437 3/1689/437
f 410/1690/438 411/1691/438 5/1692/438 4/1693/438
f 411/1694/439 412/1695/439 6/1696/439 5/1697/439
f 412/1698/440 413/1699/440 7/1700/440 6/1701/440
f 413/1702/441 414/1703/441 8/1704/441 7/1705/441
f 414/1706/442 415/1707/442 9/1708/442 8/1709/442
f 415/1710/443 416/1711/443 10/1712/443 9/1713/443
f 416/1714/444 417/1715/444 11/1716/444 10/1717/444
f 417/1718/445 418/1719/445 12/1720/445 11/1721/445
f 418/1722/446 419/1723/446 13/1724/446 12/1725/446
f 419/1726/447 420/1727/447 14/1728/447 13/1729/447
f 420/1730/448 421/1731/448 15/1732/448 14/1733/448
f 421/1734/449 422/1735/449 16/1736/449 15/1737/449
f 16/1738/450 422/1739/450 1/1740/450