# Made in Blockbench 5.1.4
mtllib satellite.mtl

o sphere
v 0 -3.125 0
v 0 3.125 0
v 0.06828874770685736 3.0567112522931428 0.6497240338054977
v 0.1335929494531574 2.8548295551331275 1.2710520096118754
v 0.19305849825825963 2.5281781074217107 1.8368289134139784
v 0.24408646429201913 2.091033144871432 2.322327579616857
v 0.28444668057941275 1.5625000000000004 2.7063293868263707
v 0.31237521199887647 0.9656781074217108 2.9720516134223547
v 0.3266514477114171 0.3266514477114171 3.107880923025854
v 0.3266514477114171 -0.3266514477114167 3.107880923025854
v 0.31237521199887647 -0.9656781074217105 2.972051613422355
v 0.2844466805794128 -1.5624999999999993 2.706329386826371
v 0.24408646429201916 -2.0910331448714308 2.3223275796168577
v 0.19305849825825966 -2.5281781074217102 1.8368289134139786
v 0.13359294945315736 -2.854829555133128 1.2710520096118751
v 0.06828874770685736 -3.0567112522931428 0.6497240338054977
v 0.20188169716001475 3.0567112522931428 0.6213279758063776
v 0.39494019541827435 2.8548295551331275 1.2155009376076005
v 0.5707379120034362 2.5281781074217107 1.756550675814754
v 0.7215916431296916 2.091033144871432 2.2208307206234927
v 0.8409083568703084 1.5625000000000004 2.588049806212841
v 0.9234733402897063 0.9656781074217108 2.8421586964298697
v 0.9656781074217106 0.3266514477114171 2.9720516134223547
v 0.9656781074217106 -0.3266514477114167 2.9720516134223547
v 0.9234733402897064 -0.9656781074217105 2.84215869642987
v 0.8409083568703085 -1.5624999999999993 2.5880498062128416
v 0.7215916431296917 -2.0910331448714308 2.220830720623493
v 0.5707379120034363 -2.5281781074217102 1.7565506758147542
v 0.3949401954182743 -2.854829555133128 1.2155009376076003
v 0.20188169716001475 -3.0567112522931428 0.6213279758063776
v 0.32665144771141696 3.0567112522931428 0.5657769038021028
v 0.6390266597102934 2.8548295551331275 1.106826642009256
v 0.9234733402897063 2.5281781074217107 1.5995027448171146
v 1.1675598045817255 2.091033144871432 2.0222729024107386
v 1.360618302839985 1.5625000000000004 2.3566600302269918
v 1.4942112522931423 0.9656781074217108 2.588049806212841
v 1.5624999999999998 0.3266514477114171 2.706329386826371
v 1.5624999999999998 -0.3266514477114167 2.706329386826371
v 1.4942112522931426 -0.9656781074217105 2.5880498062128416
v 1.3606183028399852 -1.5624999999999993 2.356660030226992
v 1.1675598045817257 -2.0910331448714308 2.022272902410739
v 0.9234733402897064 -2.5281781074217102 1.5995027448171149
v 0.6390266597102933 -2.854829555133128 1.1068266420092558
v 0.32665144771141696 -3.0567112522931428 0.5657769038021028
v 0.4371449625502787 3.0567112522931428 0.48549866620287835
v 0.8551845925828488 2.8548295551331275 0.9497787110116165
v 1.235848552288583 2.5281781074217107 1.3725488686052403
v 1.5625000000000002 2.091033144871432 1.7353320544206141
v 1.8208627000045599 1.5625000000000004 2.022272902410738
v 1.9996449625502788 0.9656781074217108 2.2208307206234923
v 2.091033144871432 0.3266514477114171 2.322327579616857
v 2.091033144871432 -0.3266514477114167 2.322327579616857
v 1.999644962550279 -0.9656781074217105 2.2208307206234927
v 1.82086270000456 -1.5624999999999993 2.0222729024107386
v 1.5625000000000007 -2.0910331448714308 1.7353320544206146
v 1.2358485522885831 -2.5281781074217102 1.3725488686052405
v 0.8551845925828487 -2.854829555133128 0.9497787110116164
v 0.4371449625502787 -3.0567112522931428 0.48549866620287835
v 0.5285331448714318 3.0567112522931428 0.3840018072095137
v 1.033966855128568 2.8548295551331275 0.7512208927988625
v 1.4942112522931428 2.5281781074217107 1.085608020615116
v 1.8891514477114175 2.091033144871432 1.3725488686052405
v 2.201526659710294 1.5625000000000004 1.5995027448171146
v 2.417684592582849 0.9656781074217108 1.756550675814754
v 2.5281781074217107 0.3266514477114171 1.8368289134139786
v 2.5281781074217107 -0.3266514477114167 1.8368289134139786
v 2.4176845925828494 -0.9656781074217105 1.7565506758147542
v 2.2015266597102943 -1.5624999999999993 1.5995027448171149
v 1.8891514477114177 -2.0910331448714308 1.3725488686052407
v 1.4942112522931428 -2.5281781074217102 1.0856080206151162
v 1.0339668551285677 -2.854829555133128 0.7512208927988624
v 0.5285331448714318 -3.0567112522931428 0.3840018072095137
v 0.5968218925782891 3.0567112522931428 0.2657222265959842
v 1.1675598045817253 2.8548295551331275 0.5198311168130132
v 1.6872697505514023 2.5281781074217107 0.751220892798863
v 2.1332379120034366 2.091033144871432 0.9497787110116171
v 2.485973340289706 1.5625000000000004 1.1068266420092567
v 2.7300598045817255 0.9656781074217108 1.2155009376076014
v 2.8548295551331275 0.3266514477114171 1.2710520096118763
v 2.8548295551331275 -0.3266514477114167 1.2710520096118763
v 2.730059804581726 -0.9656781074217105 1.2155009376076014
v 2.4859733402897066 -1.5624999999999993 1.1068266420092567
v 2.133237912003437 -2.0910331448714308 0.9497787110116174
v 1.6872697505514025 -2.5281781074217102 0.751220892798863
v 1.167559804581725 -2.854829555133128 0.5198311168130131
v 0.5968218925782891 -3.0567112522931428 0.2657222265959842
v 0.6390266597102935 3.0567112522931428 0.13582930960349918
v 1.2501247880011233 2.8548295551331275 0.26572222659598393
v 1.8065864642920193 2.5281781074217107 0.3840018072095136
v 2.2840916431296923 2.091033144871432 0.4854986662028783
v 2.6617710568748683 1.5625000000000004 0.5657769038021025
v 2.923118302839985 0.9656781074217108 0.6213279758063773
v 3.0567112522931428 0.3266514477114171 0.6497240338054976
v 3.0567112522931428 -0.3266514477114167 0.6497240338054976
v 2.9231183028399856 -0.9656781074217105 0.6213279758063774
v 2.6617710568748687 -1.5624999999999993 0.5657769038021027
v 2.2840916431296927 -2.0910331448714308 0.4854986662028784
v 1.8065864642920195 -2.5281781074217102 0.38400180720951366
v 1.250124788001123 -2.854829555133128 0.26572222659598393
v 0.6390266597102935 -3.0567112522931428 0.13582930960349918
v 0.653302895422834 3.0567112522931428 4.0003264987663584e-17
v 1.278053319420587 2.8548295551331275 7.825819533840358e-17
v 1.8469466805794128 2.5281781074217107 1.1309286702837034e-16
v 2.3351196091634514 2.091033144871432 1.4298483774941196e-16
v 2.7212366056799704 1.5625000000000004 1.6662768494342919e-16
v 2.988422504586285 0.9656781074217108 1.8298810273707552e-16
v 3.125 0.3266514477114171 1.9135106236677394e-16
v 3.125 -0.3266514477114167 1.9135106236677394e-16
v 2.9884225045862856 -0.9656781074217105 1.8298810273707554e-16
v 2.721236605679971 -1.5624999999999993 1.666276849434292e-16
v 2.335119609163452 -2.0910331448714308 1.4298483774941198e-16
v 1.846946680579413 -2.5281781074217102 1.1309286702837037e-16
v 1.2780533194205868 -2.854829555133128 7.825819533840357e-17
v 0.653302895422834 -3.0567112522931428 4.0003264987663584e-17
v 0.6390266597102935 3.0567112522931428 -0.1358293096034991
v 1.2501247880011233 2.8548295551331275 -0.2657222265959838
v 1.8065864642920193 2.5281781074217107 -0.3840018072095134
v 2.2840916431296923 2.091033144871432 -0.485498666202878
v 2.6617710568748683 1.5625000000000004 -0.5657769038021023
v 2.923118302839985 0.9656781074217108 -0.621327975806377
v 3.0567112522931428 0.3266514477114171 -0.6497240338054973
v 3.0567112522931428 -0.3266514477114167 -0.6497240338054973
v 2.9231183028399856 -0.9656781074217105 -0.6213279758063771
v 2.6617710568748687 -1.5624999999999993 -0.5657769038021024
v 2.2840916431296927 -2.0910331448714308 -0.4854986662028781
v 1.8065864642920195 -2.5281781074217102 -0.38400180720951343
v 1.250124788001123 -2.854829555133128 -0.26572222659598377
v 0.6390266597102935 -3.0567112522931428 -0.1358293096034991
v 0.5968218925782892 3.0567112522931428 -0.265722226595984
v 1.1675598045817255 2.8548295551331275 -0.5198311168130128
v 1.6872697505514025 2.5281781074217107 -0.7512208927988623
v 2.1332379120034366 2.091033144871432 -0.9497787110116164
v 2.4859733402897066 1.5625000000000004 -1.1068266420092558
v 2.7300598045817255 0.9656781074217108 -1.2155009376076003
v 2.854829555133128 0.3266514477114171 -1.2710520096118751
v 2.854829555133128 -0.3266514477114167 -1.2710520096118751
v 2.730059804581726 -0.9656781074217105 -1.2155009376076005
v 2.485973340289707 -1.5624999999999993 -1.1068266420092558
v 2.133237912003437 -2.0910331448714308 -0.9497787110116166
v 1.6872697505514027 -2.5281781074217102 -0.7512208927988624
v 1.1675598045817253 -2.854829555133128 -0.5198311168130126
v 0.5968218925782892 -3.0567112522931428 -0.265722226595984
v 0.5285331448714318 3.0567112522931428 -0.3840018072095136
v 1.033966855128568 2.8548295551331275 -0.7512208927988623
v 1.4942112522931428 2.5281781074217107 -1.0856080206151157
v 1.8891514477114175 2.091033144871432 -1.3725488686052403
v 2.201526659710294 1.5625000000000004 -1.5995027448171144
v 2.417684592582849 0.9656781074217108 -1.7565506758147538
v 2.5281781074217107 0.3266514477114171 -1.8368289134139781
v 2.5281781074217107 -0.3266514477114167 -1.8368289134139781
v 2.4176845925828494 -0.9656781074217105 -1.756550675814754
v 2.2015266597102943 -1.5624999999999993 -1.5995027448171146
v 1.8891514477114177 -2.0910331448714308 -1.3725488686052405
v 1.4942112522931428 -2.5281781074217102 -1.085608020615116
v 1.0339668551285677 -2.854829555133128 -0.7512208927988622
v 0.5285331448714318 -3.0567112522931428 -0.3840018072095136
v 0.43714496255027857 3.0567112522931428 -0.4854986662028784
v 0.8551845925828486 2.8548295551331275 -0.9497787110116166
v 1.2358485522885825 2.5281781074217107 -1.3725488686052405
v 1.5624999999999998 2.091033144871432 -1.7353320544206143
v 1.8208627000045592 1.5625000000000004 -2.0222729024107386
v 1.9996449625502781 0.9656781074217108 -2.2208307206234927
v 2.091033144871431 0.3266514477114171 -2.322327579616857
v 2.091033144871431 -0.3266514477114167 -2.322327579616857
v 1.9996449625502783 -0.9656781074217105 -2.2208307206234927
v 1.8208627000045594 -1.5624999999999993 -2.022272902410739
v 1.5625 -2.0910331448714308 -1.7353320544206148
v 1.2358485522885827 -2.5281781074217102 -1.3725488686052407
v 0.8551845925828485 -2.854829555133128 -0.9497787110116165
v 0.43714496255027857 -3.0567112522931428 -0.4854986662028784
v 0.32665144771141696 3.0567112522931428 -0.5657769038021028
v 0.6390266597102934 2.8548295551331275 -1.106826642009256
v 0.9234733402897063 2.5281781074217107 -1.5995027448171146
v 1.1675598045817255 2.091033144871432 -2.0222729024107386
v 1.360618302839985 1.5625000000000004 -2.3566600302269918
v 1.4942112522931423 0.9656781074217108 -2.588049806212841
v 1.5624999999999998 0.3266514477114171 -2.706329386826371
v 1.5624999999999998 -0.3266514477114167 -2.706329386826371
v 1.4942112522931426 -0.9656781074217105 -2.5880498062128416
v 1.3606183028399852 -1.5624999999999993 -2.356660030226992
v 1.1675598045817257 -2.0910331448714308 -2.022272902410739
v 0.9234733402897064 -2.5281781074217102 -1.5995027448171149
v 0.6390266597102933 -2.854829555133128 -1.1068266420092558
v 0.32665144771141696 -3.0567112522931428 -0.5657769038021028
v 0.20188169716001483 3.0567112522931428 -0.6213279758063776
v 0.3949401954182745 2.8548295551331275 -1.2155009376076005
v 0.5707379120034364 2.5281781074217107 -1.756550675814754
v 0.7215916431296919 2.091033144871432 -2.2208307206234927
v 0.8409083568703086 1.5625000000000004 -2.588049806212841
v 0.9234733402897066 0.9656781074217108 -2.8421586964298697
v 0.965678107421711 0.3266514477114171 -2.9720516134223547
v 0.965678107421711 -0.3266514477114167 -2.9720516134223547
v 0.9234733402897067 -0.9656781074217105 -2.84215869642987
v 0.8409083568703088 -1.5624999999999993 -2.5880498062128416
v 0.721591643129692 -2.0910331448714308 -2.220830720623493
v 0.5707379120034365 -2.5281781074217102 -1.7565506758147542
v 0.39494019541827446 -2.854829555133128 -1.2155009376076003
v 0.20188169716001483 -3.0567112522931428 -0.6213279758063776
v 0.06828874770685754 3.0567112522931428 -0.6497240338054977
v 0.13359294945315775 2.8548295551331275 -1.2710520096118754
v 0.19305849825826016 2.5281781074217107 -1.8368289134139784
v 0.24408646429201977 2.091033144871432 -2.322327579616857
v 0.2844466805794135 1.5625000000000004 -2.7063293868263707
v 0.3123752119988773 0.9656781074217108 -2.9720516134223547
v 0.3266514477114179 0.3266514477114171 -3.107880923025854
v 0.3266514477114179 -0.3266514477114167 -3.107880923025854
v 0.3123752119988773 -0.9656781074217105 -2.972051613422355
v 0.2844466805794136 -1.5624999999999993 -2.706329386826371
v 0.24408646429201983 -2.0910331448714308 -2.3223275796168577
v 0.19305849825826016 -2.5281781074217102 -1.8368289134139786
v 0.13359294945315772 -2.854829555133128 -1.2710520096118751
v 0.06828874770685754 -3.0567112522931428 -0.6497240338054977
v -0.06828874770685739 3.0567112522931428 -0.6497240338054977
v -0.13359294945315744 2.8548295551331275 -1.2710520096118754
v -0.19305849825825971 2.5281781074217107 -1.8368289134139784
v -0.24408646429201922 2.091033144871432 -2.322327579616857
v -0.28444668057941286 1.5625000000000004 -2.7063293868263707
v -0.3123752119988766 0.9656781074217108 -2.9720516134223547
v -0.3266514477114172 0.3266514477114171 -3.107880923025854
v -0.3266514477114172 -0.3266514477114167 -3.107880923025854
v -0.31237521199887663 -0.9656781074217105 -2.972051613422355
v -0.2844466805794129 -1.5624999999999993 -2.706329386826371
v -0.24408646429201927 -2.0910331448714308 -2.3223275796168577
v -0.19305849825825974 -2.5281781074217102 -1.8368289134139786
v -0.13359294945315742 -2.854829555133128 -1.2710520096118751
v -0.06828874770685739 -3.0567112522931428 -0.6497240338054977
v -0.20188169716001497 3.0567112522931428 -0.6213279758063776
v -0.3949401954182748 2.8548295551331275 -1.2155009376076005
v -0.5707379120034368 2.5281781074217107 -1.756550675814754
v -0.7215916431296924 2.091033144871432 -2.2208307206234927
v -0.8409083568703093 1.5625000000000004 -2.588049806212841
v -0.9234733402897073 0.9656781074217108 -2.8421586964298697
v -0.9656781074217117 0.3266514477114171 -2.9720516134223547
v -0.9656781074217117 -0.3266514477114167 -2.9720516134223547
v -0.9234733402897074 -0.9656781074217105 -2.84215869642987
v -0.8409083568703094 -1.5624999999999993 -2.5880498062128416
v -0.7215916431296925 -2.0910331448714308 -2.220830720623493
v -0.5707379120034368 -2.5281781074217102 -1.7565506758147542
v -0.39494019541827474 -2.854829555133128 -1.2155009376076003
v -0.20188169716001497 -3.0567112522931428 -0.6213279758063776
v -0.3266514477114171 3.0567112522931428 -0.5657769038021027
v -0.6390266597102936 2.8548295551331275 -1.1068266420092558
v -0.9234733402897066 2.5281781074217107 -1.5995027448171144
v -1.167559804581726 2.091033144871432 -2.0222729024107386
v -1.3606183028399854 1.5625000000000004 -2.3566600302269913
v -1.4942112522931428 0.9656781074217108 -2.5880498062128408
v -1.5625000000000004 0.3266514477114171 -2.7063293868263707
v -1.5625000000000004 -0.3266514477114167 -2.7063293868263707
v -1.494211252293143 -0.9656781074217105 -2.588049806212841
v -1.3606183028399856 -1.5624999999999993 -2.3566600302269918
v -1.1675598045817261 -2.0910331448714308 -2.0222729024107386
v -0.9234733402897067 -2.5281781074217102 -1.5995027448171146
v -0.6390266597102935 -2.854829555133128 -1.1068266420092556
v -0.3266514477114171 -3.0567112522931428 -0.5657769038021027
v -0.4371449625502787 3.0567112522931428 -0.48549866620287835
v -0.8551845925828488 2.8548295551331275 -0.9497787110116165
v -1.235848552288583 2.5281781074217107 -1.3725488686052403
v -1.5625000000000002 2.091033144871432 -1.7353320544206141
v -1.8208627000045599 1.5625000000000004 -2.022272902410738
v -1.9996449625502788 0.9656781074217108 -2.2208307206234923
v -2.091033144871432 0.3266514477114171 -2.322327579616857
v -2.091033144871432 -0.3266514477114167 -2.322327579616857
v -1.999644962550279 -0.9656781074217105 -2.2208307206234927
v -1.82086270000456 -1.5624999999999993 -2.0222729024107386
v -1.5625000000000007 -2.0910331448714308 -1.7353320544206146
v -1.2358485522885831 -2.5281781074217102 -1.3725488686052405
v -0.8551845925828487 -2.854829555133128 -0.9497787110116164
v -0.4371449625502787 -3.0567112522931428 -0.48549866620287835
v -0.5285331448714318 3.0567112522931428 -0.38400180720951377
v -1.033966855128568 2.8548295551331275 -0.7512208927988626
v -1.4942112522931426 2.5281781074217107 -1.0856080206151162
v -1.8891514477114173 2.091033144871432 -1.3725488686052407
v -2.2015266597102934 1.5625000000000004 -1.5995027448171149
v -2.4176845925828485 0.9656781074217108 -1.7565506758147544
v -2.5281781074217102 0.3266514477114171 -1.8368289134139788
v -2.5281781074217102 -0.3266514477114167 -1.8368289134139788
v -2.417684592582849 -0.9656781074217105 -1.7565506758147547
v -2.201526659710294 -1.5624999999999993 -1.5995027448171153
v -1.8891514477114175 -2.0910331448714308 -1.3725488686052412
v -1.4942112522931426 -2.5281781074217102 -1.0856080206151162
v -1.0339668551285677 -2.854829555133128 -0.7512208927988625
v -0.5285331448714318 -3.0567112522931428 -0.38400180720951377
v -0.5968218925782892 3.0567112522931428 -0.265722226595984
v -1.1675598045817255 2.8548295551331275 -0.5198311168130129
v -1.6872697505514025 2.5281781074217107 -0.7512208927988624
v -2.1332379120034366 2.091033144871432 -0.9497787110116166
v -2.4859733402897066 1.5625000000000004 -1.1068266420092558
v -2.7300598045817255 0.9656781074217108 -1.2155009376076005
v -2.854829555133128 0.3266514477114171 -1.2710520096118754
v -2.854829555133128 -0.3266514477114167 -1.2710520096118754
v -2.730059804581726 -0.9656781074217105 -1.2155009376076007
v -2.485973340289707 -1.5624999999999993 -1.106826642009256
v -2.133237912003437 -2.0910331448714308 -0.9497787110116167
v -1.6872697505514027 -2.5281781074217102 -0.7512208927988625
v -1.1675598045817253 -2.854829555133128 -0.5198311168130128
v -0.5968218925782892 -3.0567112522931428 -0.265722226595984
v -0.6390266597102934 3.0567112522931428 -0.13582930960349954
v -1.2501247880011233 2.8548295551331275 -0.26572222659598466
v -1.806586464292019 2.5281781074217107 -0.3840018072095146
v -2.284091643129692 2.091033144871432 -0.48549866620287957
v -2.661771056874868 1.5625000000000004 -0.5657769038021041
v -2.9231183028399848 0.9656781074217108 -0.621327975806379
v -3.0567112522931423 0.3266514477114171 -0.6497240338054994
v -3.0567112522931423 -0.3266514477114167 -0.6497240338054994
v -2.923118302839985 -0.9656781074217105 -0.6213279758063791
v -2.6617710568748683 -1.5624999999999993 -0.5657769038021042
v -2.2840916431296923 -2.0910331448714308 -0.4854986662028797
v -1.8065864642920193 -2.5281781074217102 -0.38400180720951466
v -1.250124788001123 -2.854829555133128 -0.2657222265959846
v -0.6390266597102934 -3.0567112522931428 -0.13582930960349954
v -0.653302895422834 3.0567112522931428 -1.2000979496299075e-16
v -1.278053319420587 2.8548295551331275 -2.347745860152107e-16
v -1.8469466805794128 2.5281781074217107 -3.3927860108511103e-16
v -2.3351196091634514 2.091033144871432 -4.2895451324823587e-16
v -2.7212366056799704 1.5625000000000004 -4.998830548302875e-16
v -2.988422504586285 0.9656781074217108 -5.489643082112265e-16
v -3.125 0.3266514477114171 -5.740531871003218e-16
v -3.125 -0.3266514477114167 -5.740531871003218e-16
v -2.9884225045862856 -0.9656781074217105 -5.489643082112266e-16
v -2.721236605679971 -1.5624999999999993 -4.998830548302876e-16
v -2.335119609163452 -2.0910331448714308 -4.289545132482359e-16
v -1.846946680579413 -2.5281781074217102 -3.3927860108511103e-16
v -1.2780533194205868 -2.854829555133128 -2.3477458601521067e-16
v -0.653302895422834 -3.0567112522931428 -1.2000979496299075e-16
v -0.6390266597102934 3.0567112522931428 0.1358293096034993
v -1.2501247880011233 2.8548295551331275 0.2657222265959842
v -1.806586464292019 2.5281781074217107 0.38400180720951393
v -2.284091643129692 2.091033144871432 0.48549866620287874
v -2.661771056874868 1.5625000000000004 0.5657769038021031
v -2.9231183028399848 0.9656781074217108 0.621327975806378
v -3.0567112522931423 0.3266514477114171 0.6497240338054983
v -3.0567112522931423 -0.3266514477114167 0.6497240338054983
v -2.923118302839985 -0.9656781074217105 0.621327975806378
v -2.6617710568748683 -1.5624999999999993 0.5657769038021032
v -2.2840916431296923 -2.0910331448714308 0.48549866620287885
v -1.8065864642920193 -2.5281781074217102 0.384001807209514
v -1.250124788001123 -2.854829555133128 0.26572222659598416
v -0.6390266597102934 -3.0567112522931428 0.1358293096034993
v -0.5968218925782893 3.0567112522931428 0.26572222659598377
v -1.1675598045817255 2.8548295551331275 0.5198311168130124
v -1.6872697505514027 2.5281781074217107 0.7512208927988617
v -2.133237912003437 2.091033144871432 0.9497787110116158
v -2.485973340289707 1.5625000000000004 1.106826642009255
v -2.730059804581726 0.9656781074217108 1.2155009376075994
v -2.8548295551331284 0.3266514477114171 1.2710520096118743
v -2.8548295551331284 -0.3266514477114167 1.2710520096118743
v -2.7300598045817264 -0.9656781074217105 1.2155009376075996
v -2.4859733402897075 -1.5624999999999993 1.1068266420092552
v -2.1332379120034375 -2.0910331448714308 0.9497787110116159
v -1.687269750551403 -2.5281781074217102 0.7512208927988618
v -1.1675598045817253 -2.854829555133128 0.5198311168130123
v -0.5968218925782893 -3.0567112522931428 0.26572222659598377
v -0.5285331448714319 3.0567112522931428 0.38400180720951355
v -1.0339668551285681 2.8548295551331275 0.7512208927988622
v -1.4942112522931428 2.5281781074217107 1.0856080206151155
v -1.8891514477114177 2.091033144871432 1.37254886860524
v -2.201526659710294 1.5625000000000004 1.599502744817114
v -2.4176845925828494 0.9656781074217108 1.7565506758147533
v -2.528178107421711 0.3266514477114171 1.836828913413978
v -2.528178107421711 -0.3266514477114167 1.836828913413978
v -2.41768459258285 -0.9656781074217105 1.7565506758147535
v -2.2015266597102943 -1.5624999999999993 1.5995027448171142
v -1.889151447711418 -2.0910331448714308 1.3725488686052403
v -1.494211252293143 -2.5281781074217102 1.0856080206151157
v -1.033966855128568 -2.854829555133128 0.7512208927988621
v -0.5285331448714319 -3.0567112522931428 0.38400180720951355
v -0.43714496255027907 3.0567112522931428 0.48549866620287796
v -0.8551845925828496 2.8548295551331275 0.9497787110116158
v -1.235848552288584 2.5281781074217107 1.3725488686052394
v -1.5625000000000016 2.091033144871432 1.7353320544206128
v -1.8208627000045614 1.5625000000000004 2.022272902410737
v -1.9996449625502803 0.9656781074217108 2.2208307206234905
v -2.091033144871434 0.3266514477114171 2.3223275796168554
v -2.091033144871434 -0.3266514477114167 2.3223275796168554
v -1.9996449625502808 -0.9656781074217105 2.220830720623491
v -1.8208627000045616 -1.5624999999999993 2.0222729024107373
v -1.562500000000002 -2.0910331448714308 1.7353320544206132
v -1.235848552288584 -2.5281781074217102 1.3725488686052394
v -0.8551845925828494 -2.854829555133128 0.9497787110116156
v -0.43714496255027907 -3.0567112522931428 0.48549866620287796
v -0.3266514477114173 3.0567112522931428 0.5657769038021025
v -0.639026659710294 2.8548295551331275 1.1068266420092556
v -0.9234733402897072 2.5281781074217107 1.5995027448171142
v -1.1675598045817268 2.091033144871432 2.0222729024107378
v -1.3606183028399863 1.5625000000000004 2.356660030226991
v -1.4942112522931439 0.9656781074217108 2.5880498062128403
v -1.5625000000000013 0.3266514477114171 2.70632938682637
v -1.5625000000000013 -0.3266514477114167 2.70632938682637
v -1.494211252293144 -0.9656781074217105 2.5880498062128408
v -1.3606183028399865 -1.5624999999999993 2.3566600302269913
v -1.167559804581727 -2.0910331448714308 2.022272902410738
v -0.9234733402897073 -2.5281781074217102 1.5995027448171142
v -0.6390266597102939 -2.854829555133128 1.1068266420092554
v -0.3266514477114173 -3.0567112522931428 0.5657769038021025
v -0.20188169716001494 3.0567112522931428 0.6213279758063776
v -0.39494019541827474 2.8548295551331275 1.2155009376076005
v -0.5707379120034367 2.5281781074217107 1.756550675814754
v -0.7215916431296923 2.091033144871432 2.2208307206234927
v -0.8409083568703091 1.5625000000000004 2.588049806212841
v -0.9234733402897071 0.9656781074217108 2.8421586964298697
v -0.9656781074217115 0.3266514477114171 2.9720516134223547
v -0.9656781074217115 -0.3266514477114167 2.9720516134223547
v -0.9234733402897073 -0.9656781074217105 2.84215869642987
v -0.8409083568703093 -1.5624999999999993 2.5880498062128416
v -0.7215916431296924 -2.0910331448714308 2.220830720623493
v -0.5707379120034367 -2.5281781074217102 1.7565506758147542
v -0.39494019541827463 -2.854829555133128 1.2155009376076003
v -0.20188169716001494 -3.0567112522931428 0.6213279758063776
v -0.0682887477068579 3.0567112522931428 0.6497240338054977
v -0.13359294945315847 2.8548295551331275 1.2710520096118754
v -0.19305849825826119 2.5281781074217107 1.8368289134139784
v -0.2440864642920211 2.091033144871432 2.322327579616857
v -0.2844466805794151 1.5625000000000004 2.7063293868263707
v -0.31237521199887897 0.9656781074217108 2.9720516134223547
v -0.3266514477114197 0.3266514477114171 3.107880923025854
v -0.3266514477114197 -0.3266514477114167 3.107880923025854
v -0.312375211998879 -0.9656781074217105 2.972051613422355
v -0.28444668057941513 -1.5624999999999993 2.706329386826371
v -0.24408646429202116 -2.0910331448714308 2.3223275796168577
v -0.1930584982582612 -2.5281781074217102 1.8368289134139786
v -0.13359294945315844 -2.854829555133128 1.2710520096118751
v -0.0682887477068579 -3.0567112522931428 0.6497240338054977
vt 0.19024444526390674 0.8068759540549422
vt 0.19442015920469452 0.8077585470164409
vt 0.18811046088890676 0.8272915790549421
vt 0.19024444526390674 0.8068759540549422
vt 0.19228526557640674 0.7864603290549421
vt 0.20046965515507303 0.7881131278750368
vt 0.19442796061064396 0.8077207952202452
vt 0.19228526557640674 0.7864603290549421
vt 0.1945050894972355 0.7660808529882003
vt 0.2063323460911734 0.7684693115965702
vt 0.20046965515507303 0.7881131278750368
vt 0.1945050894972355 0.7660808529882003
vt 0.19698317637810212 0.7457535319064481
vt 0.21193677406723585 0.7487733403331138
vt 0.2063323460911734 0.7684693115965702
vt 0.313569140625 0.76953125
vt 0.3123080078125 0.749115625
vt 0.3300857421875 0.749115625
vt 0.328824609375 0.76953125
vt 0.3123080078125 0.749115625
vt 0.31143515625 0.7287
vt 0.33095859375000003 0.7287
vt 0.3300857421875 0.749115625
vt 0.31143515625 0.7287
vt 0.3109890625 0.7082843750000001
vt 0.3314046875 0.7082843750000001
vt 0.33095859375000003 0.7287
vt 0.3109890625 0.7082843750000001
vt 0.3109890625 0.68786875
vt 0.3314046875 0.68786875
vt 0.3314046875 0.7082843750000001
vt 0.3109890625 0.68786875
vt 0.31143515625 0.667453125
vt 0.33095859375000003 0.667453125
vt 0.3314046875 0.68786875
vt 0.31143515625 0.667453125
vt 0.3123080078125 0.6470375
vt 0.3300857421875 0.6470375
vt 0.33095859375000003 0.667453125
vt 0.3123080078125 0.6470375
vt 0.313569140625 0.626621875
vt 0.328824609375 0.626621875
vt 0.3300857421875 0.6470375
vt 0.09279842335851511 0.9983237344279899
vt 0.09013683756531471 0.9780196250405975
vt 0.10194203872923503 0.9755244379650221
vt 0.10772413562682241 0.9951689856161307
vt 0.09013683756531471 0.9780196250405974
vt 0.08773303312421583 0.9576610301184684
vt 0.09590216047954611 0.9559343758486498
vt 0.10194203872923503 0.9755244379650221
vt 0.08773303312421583 0.9576610301184684
vt 0.0855078984860932 0.9372646709450579
vt 0.08968361242688098 0.9363820779835591
vt 0.09590216047954611 0.9559343758486498
vt 0.08968361242688098 0.9363820779835591
vt 0.0855078984860932 0.9372646709450579
vt 0.08337391411109321 0.9168490459450579
vt 0.19442015920469452 0.8077585470164409
vt 0.19832309700844533 0.8094855773436296
vt 0.18811046088890676 0.8272915790549421
vt 0.19442796061064396 0.8077207952202452
vt 0.20046965515507303 0.7881131278750368
vt 0.2081649239934042 0.7913533152493869
vt 0.19836145802947933 0.809377042577071
vt 0.20046965515507303 0.7881131278750368
vt 0.20667965557935802 0.7685763277858522
vt 0.21780008407747314 0.773258720665679
vt 0.2081649239934042 0.7913533152493869
vt 0.20667965557935802 0.7685763277858522
vt 0.21313248448698588 0.7491417736093693
vt 0.22719241567819917 0.7550618801692695
vt 0.21780008407747314 0.773258720665679
vt 0.333984765625 0.76953125
vt 0.3327236328125 0.749115625
vt 0.3505013671875 0.749115625
vt 0.349240234375 0.76953125
vt 0.3327236328125 0.749115625
vt 0.33185078125 0.7287
vt 0.35137421875 0.7287
vt 0.3505013671875 0.749115625
vt 0.33185078125 0.7287
vt 0.3314046875 0.7082843750000001
vt 0.3518203125 0.7082843750000001
vt 0.35137421875 0.7287
vt 0.3314046875 0.7082843750000001
vt 0.3314046875 0.68786875
vt 0.3518203125 0.68786875
vt 0.3518203125 0.7082843750000001
vt 0.3314046875 0.68786875
vt 0.33185078125 0.667453125
vt 0.35137421875 0.667453125
vt 0.3518203125 0.68786875
vt 0.33185078125 0.667453125
vt 0.3327236328125 0.6470375
vt 0.3505013671875 0.6470375
vt 0.35137421875 0.667453125
vt 0.3327236328125 0.6470375
vt 0.333984765625 0.626621875
vt 0.349240234375 0.626621875
vt 0.3505013671875 0.6470375
vt 0.10944323367789806 0.9946136703913276
vt 0.1026403992063279 0.9752988486188601
vt 0.11367443232183759 0.9704163445206969
vt 0.12339393228559385 0.9884405564980432
vt 0.1026403992063279 0.9752988486188601
vt 0.09607850666672098 0.9558774112546217
vt 0.10371399042611816 0.9524987481351217
vt 0.11367443232183759 0.9704163445206969
vt 0.09607850666672098 0.9558774112546217
vt 0.08968361242688098 0.9363820779835591
vt 0.0935865502306318 0.9346550476563704
vt 0.10371399042611816 0.9524987481351217
vt 0.0935865502306318 0.9346550476563704
vt 0.08968361242688098 0.9363820779835591
vt 0.08337391411109323 0.9168490459450579
vt 0.19832309700844533 0.8094855773436296
vt 0.2017845298003509 0.8119823833589415
vt 0.18811046088890676 0.8272915790549421
vt 0.19836145802947933 0.809377042577071
vt 0.2081649239934042 0.7913533152493869
vt 0.2150665283233985 0.7960526592873661
vt 0.2018892675691059 0.8117791493821686
vt 0.2081649239934042 0.7913533152493869
vt 0.21811933732688563 0.7734323688965685
vt 0.2280928417081345 0.7802233882176981
vt 0.2150665283233985 0.7960526592873661
vt 0.21811933732688563 0.7734323688965685
vt 0.2282915346192247 0.7556597129556154
vt 0.24090137113401294 0.7642458267361648
vt 0.2280928417081345 0.7802233882176981
vt 0.25343571437024176 0.623046875
vt 0.24967149215435636 0.6029416808646323
vt 0.2673140663896782 0.6007536649005188
vt 0.26857519920217815 0.6211692899005189
vt 0.3531392578125 0.749115625
vt 0.35226640625 0.7287
vt 0.37178984374999996 0.7287
vt 0.37091699218749996 0.749115625
vt 0.35226640625 0.7287
vt 0.3518203125 0.7082843750000001
vt 0.3722359375 0.7082843750000001
vt 0.37178984374999996 0.7287
vt 0.3518203125 0.7082843750000001
vt 0.3518203125 0.68786875
vt 0.3722359375 0.68786875
vt 0.3722359375 0.7082843750000001
vt 0.3518203125 0.68786875
vt 0.35226640625 0.667453125
vt 0.37178984374999996 0.667453125
vt 0.3722359375 0.68786875
vt 0.35226640625 0.667453125
vt 0.3531392578125 0.6470375
vt 0.37091699218749996 0.6470375
vt 0.37178984374999996 0.667453125
vt 0.24967149215435636 0.4964875239364055
vt 0.25343571437024176 0.4763823298010378
vt 0.26857519920217815 0.4782599149005189
vt 0.2673140663896782 0.49867553990051894
vt 0.12496103475995778 0.9875417445360888
vt 0.11431104663884263 0.970051214241959
vt 0.12409689667629191 0.9629924698700967
vt 0.13733361358615948 0.97861713698328
vt 0.11431104663884263 0.970051214241959
vt 0.10387474480897226 0.9524065474241857
vt 0.11064649347517959 0.9475219392805566
vt 0.12409689667629191 0.9629924698700967
vt 0.10387474480897226 0.9524065474241857
vt 0.0935865502306318 0.9346550476563704
vt 0.09704798302253735 0.9321582416410586
vt 0.11064649347517959 0.9475219392805566
vt 0.09704798302253735 0.9321582416410586
vt 0.0935865502306318 0.9346550476563704
vt 0.08337391411109323 0.9168490459450579
vt 0.2017845298003509 0.8119823833589415
vt 0.20465481551856707 0.8151410250206025
vt 0.18811046088890676 0.8272915790549421
vt 0.2018892675691059 0.8117791493821686
vt 0.2150665283233985 0.7960526592873661
vt 0.22090133401133438 0.8020251813090182
vt 0.20487177456074976 0.8148320511650257
vt 0.2150665283233985 0.7960526592873661
vt 0.22837140412607052 0.7804567962823941
vt 0.23680327841353954 0.7890876843631806
vt 0.22090133401133438 0.8020251813090182
vt 0.22837140412607052 0.7804567962823941
vt 0.24186040046378404 0.765049399527883
vt 0.25252110228070324 0.7759617211668819
vt 0.23680327841353954 0.7890876843631806
vt 0.26857519920217815 0.6211692899005189
vt 0.2673140663896782 0.6007536649005188
vt 0.28509180076467816 0.6007536649005188
vt 0.28383066795217815 0.6211692899005189
vt 0.2673140663896782 0.6007536649005188
vt 0.2664412148271782 0.5803380399005189
vt 0.28596465232717816 0.5803380399005189
vt 0.28509180076467816 0.6007536649005188
vt 0.2664412148271782 0.5803380399005189
vt 0.26599512107717815 0.5599224149005189
vt 0.2864107460771782 0.5599224149005189
vt 0.28596465232717816 0.5803380399005189
vt 0.26599512107717815 0.5599224149005189
vt 0.26599512107717815 0.5395067899005188
vt 0.2864107460771782 0.5395067899005188
vt 0.2864107460771782 0.5599224149005189
vt 0.26599512107717815 0.5395067899005188
vt 0.2664412148271782 0.5190911649005189
vt 0.28596465232717816 0.5190911649005189
vt 0.2864107460771782 0.5395067899005188
vt 0.2664412148271782 0.5190911649005189
vt 0.2673140663896782 0.49867553990051894
vt 0.28509180076467816 0.49867553990051894
vt 0.28596465232717816 0.5190911649005189
vt 0.2673140663896782 0.49867553990051894
vt 0.26857519920217815 0.4782599149005189
vt 0.28383066795217815 0.4782599149005189
vt 0.28509180076467816 0.49867553990051894
vt 0.13868097268702284 0.9774136850476254
vt 0.12464424320135231 0.9625035836966662
vt 0.13275885564414736 0.9535737573844707
vt 0.14894054969958131 0.9661234057638518
vt 0.12464424320135231 0.9625035836966662
vt 0.11078470644101009 0.9473984884045766
vt 0.11639996886338519 0.9412191029462199
vt 0.13275885564414736 0.9535737573844707
vt 0.11078470644101009 0.9473984884045766
vt 0.09704798302253735 0.9321582416410586
vt 0.0999182687407535 0.9289995999793976
vt 0.11639996886338519 0.9412191029462199
vt 0.0999182687407535 0.9289995999793976
vt 0.09704798302253735 0.9321582416410586
vt 0.08337391411109323 0.9168490459450579
vt 0.20465481551856707 0.8151410250206025
vt 0.2068098681274036 0.8188249503054208
vt 0.18811046088890676 0.8272915790549421
vt 0.20487177456074976 0.8148320511650257
vt 0.22090133401133438 0.8020251813090182
vt 0.2254384259654725 0.8090345160359936
vt 0.20719094493225448 0.8184149279475722
vt 0.22090133401133438 0.8020251813090182
vt 0.23703012576547733 0.78937161503125
vt 0.24358667469513218 0.7995008005461759
vt 0.2254384259654725 0.8090345160359936
vt 0.23703012576547733 0.78937161503125
vt 0.25330208797683973 0.7769392322048663
vt 0.2615917529675724 0.7897459016049736
vt 0.24358667469513218 0.7995008005461759
vt 0.28383066795217815 0.6211692899005189
vt 0.28509180076467816 0.6007536649005188
vt 0.302734375 0.6029416808646323
vt 0.2989701527841146 0.623046875
vt 0.2493658203125 0.979584375
vt 0.24849296875 0.95916875
vt 0.26801640625 0.95916875
vt 0.2671435546875 0.979584375
vt 0.24849296875 0.95916875
vt 0.248046875 0.938753125
vt 0.2684625 0.938753125
vt 0.26801640625 0.95916875
vt 0.248046875 0.938753125
vt 0.248046875 0.9183375
vt 0.2684625 0.9183375
vt 0.2684625 0.938753125
vt 0.248046875 0.9183375
vt 0.24849296875 0.897921875
vt 0.26801640625 0.897921875
vt 0.2684625 0.9183375
vt 0.24849296875 0.897921875
vt 0.2493658203125 0.87750625
vt 0.2671435546875 0.87750625
vt 0.26801640625 0.897921875
vt 0.28509180076467816 0.49867553990051894
vt 0.28383066795217815 0.4782599149005189
vt 0.2989701527841146 0.4763823298010378
vt 0.302734375 0.4964875239364055
vt 0.15000991741058234 0.9646673405844115
vt 0.13319327190351965 0.9529822504760916
vt 0.13928584192313814 0.9425673897656073
vt 0.15771295828423254 0.9514994824411485
vt 0.13319327190351965 0.9529822504760916
vt 0.11650966529309432 0.9410697388407161
vt 0.12072568666540633 0.9338627186171218
vt 0.13928584192313814 0.9425673897656073
vt 0.11650966529309432 0.9410697388407161
vt 0.0999182687407535 0.9289995999793975
vt 0.10207332134959006 0.9253156746945793
vt 0.12072568666540633 0.9338627186171218
vt 0.10207332134959006 0.9253156746945793
vt 0.0999182687407535 0.9289995999793976
vt 0.08337391411109324 0.9168490459450579
vt 0.2068098681274036 0.8188249503054208
vt 0.20815652201159185 0.8228748985232597
vt 0.18811046088890676 0.8272915790549421
vt 0.20719094493225448 0.8184149279475722
vt 0.2254384259654725 0.8090345160359936
vt 0.22849824670594937 0.8168032658550595
vt 0.20875499646022877 0.8223859857498231
vt 0.2254384259654725 0.8090345160359936
vt 0.24375282939383314 0.7998240171321537
vt 0.24817457455652742 0.8110506329525571
vt 0.22849824670594937 0.8168032658550595
vt 0.24375282939383314 0.7998240171321537
vt 0.26216378716555994 0.7908586654448264
vt 0.26775434806373927 0.8050528528335421
vt 0.24817457455652742 0.8110506329525571
vt 0.271042578125 1
vt 0.2697814453125 0.979584375
vt 0.2875591796875 0.979584375
vt 0.286298046875 1
vt 0.2697814453125 0.979584375
vt 0.26890859375 0.95916875
vt 0.28843203125 0.95916875
vt 0.2875591796875 0.979584375
vt 0.26890859375 0.95916875
vt 0.2684625 0.938753125
vt 0.288878125 0.938753125
vt 0.28843203125 0.95916875
vt 0.2684625 0.938753125
vt 0.2684625 0.9183375
vt 0.288878125 0.9183375
vt 0.288878125 0.938753125
vt 0.2684625 0.9183375
vt 0.26890859375 0.897921875
vt 0.28843203125 0.897921875
vt 0.288878125 0.9183375
vt 0.26890859375 0.897921875
vt 0.2697814453125 0.87750625
vt 0.2875591796875 0.87750625
vt 0.28843203125 0.897921875
vt 0.2697814453125 0.87750625
vt 0.271042578125 0.857090625
vt 0.286298046875 0.857090625
vt 0.2875591796875 0.87750625
vt 0.15845810450391795 0.949853751533801
vt 0.13958854755947914 0.9418988337045365
vt 0.14339568574625305 0.9304491860291907
vt 0.16327159716299622 0.9353775774811299
vt 0.13958854755947914 0.9418988337045365
vt 0.12080212424536116 0.9336938984788843
vt 0.12343664069918914 0.9257708119736391
vt 0.14339568574625305 0.9304491860291907
vt 0.12080212424536116 0.9336938984788843
vt 0.10207332134959006 0.9253156746945793
vt 0.10341997523377834 0.9212657264767403
vt 0.12343664069918914 0.9257708119736391
vt 0.10341997523377834 0.9212657264767403
vt 0.10207332134959006 0.9253156746945793
vt 0.08337391411109324 0.9168490459450579
vt 0.20815652201159185 0.8228748985232597
vt 0.20863655964216768 0.82711578535554
vt 0.18811046088890676 0.8272915790549421
vt 0.20875499646022877 0.8223859857498231
vt 0.22849824670594937 0.8168032658550595
vt 0.22995970243379688 0.825023978954945
vt 0.20950203109332638 0.8265880681511962
vt 0.22849824670594937 0.8168032658550595
vt 0.2482734609541387 0.8114003440128897
vt 0.2503854097717987 0.8232800917060998
vt 0.22995970243379688 0.825023978954945
vt 0.2482734609541387 0.8114003440128897
vt 0.26809479224974014 0.8062568313396498
vt 0.27076500006238835 0.8212767952883249
vt 0.2503854097717987 0.8232800917060998
vt 0.291458203125 1
vt 0.29019707031249997 0.979584375
vt 0.3079748046875 0.979584375
vt 0.306713671875 1
vt 0.29019707031249997 0.979584375
vt 0.28932421875 0.95916875
vt 0.30884765625 0.95916875
vt 0.3079748046875 0.979584375
vt 0.28932421875 0.95916875
vt 0.288878125 0.938753125
vt 0.30929375 0.938753125
vt 0.30884765625 0.95916875
vt 0.288878125 0.938753125
vt 0.288878125 0.9183375
vt 0.30929375 0.9183375
vt 0.30929375 0.938753125
vt 0.288878125 0.9183375
vt 0.28932421875 0.897921875
vt 0.30884765625 0.897921875
vt 0.30929375 0.9183375
vt 0.28932421875 0.897921875
vt 0.29019707031249997 0.87750625
vt 0.3079748046875 0.87750625
vt 0.30884765625 0.897921875
vt 0.29019707031249997 0.87750625
vt 0.291458203125 0.857090625
vt 0.306713671875 0.857090625
vt 0.3079748046875 0.87750625
vt 0.1636603082898337 0.9336133278480047
vt 0.1435535944169189 0.9297324833287662
vt 0.1449107134331057 0.9177430312546033
vt 0.16537615943613687 0.9184546609664495
vt 0.1435535944169189 0.9297324833287662
vt 0.1234765149373615 0.9255898341080475
vt 0.12441563303671702 0.9172932062442374
vt 0.1449107134331057 0.9177430312546033
vt 0.1234765149373615 0.9255898341080475
vt 0.10341997523377834 0.9212657264767403
vt 0.10390001286435417 0.9170248396444601
vt 0.12441563303671702 0.9172932062442374
vt 0.10390001286435417 0.9170248396444601
vt 0.10341997523377834 0.9212657264767403
vt 0.08337391411109324 0.9168490459450579
vt 0.20863655964216765 0.82711578535554
vt 0.20822922839294394 0.8313642719689569
vt 0.18811046088890676 0.8272915790549421
vt 0.20950203109332638 0.8265880681511962
vt 0.22995970243379688 0.825023978954945
vt 0.2297649553731716 0.833371316871758
vt 0.20940248459581098 0.8308548758274115
vt 0.22995970243379688 0.825023978954945
vt 0.250413114394111 0.823642457266348
vt 0.2501316855306886 0.8357051904084505
vt 0.2297649553731716 0.833371316871758
vt 0.250413114394111 0.823642457266348
vt 0.2708603810027343 0.8225243404631261
vt 0.2705045610398964 0.8377756590597678
vt 0.2501316855306886 0.8357051904084505
vt 0.311873828125 1
vt 0.3106126953125 0.979584375
vt 0.3283904296875 0.979584375
vt 0.327129296875 1
vt 0.3106126953125 0.979584375
vt 0.30973984374999997 0.95916875
vt 0.32926328125 0.95916875
vt 0.3283904296875 0.979584375
vt 0.30973984374999997 0.95916875
vt 0.30929375 0.938753125
vt 0.32970937499999997 0.938753125
vt 0.32926328125 0.95916875
vt 0.30929375 0.938753125
vt 0.30929375 0.9183375
vt 0.32970937499999997 0.9183375
vt 0.32970937499999997 0.938753125
vt 0.30929375 0.9183375
vt 0.30973984374999997 0.897921875
vt 0.32926328125 0.897921875
vt 0.32970937499999997 0.9183375
vt 0.30973984374999997 0.897921875
vt 0.3106126953125 0.87750625
vt 0.3283904296875 0.87750625
vt 0.32926328125 0.897921875
vt 0.3106126953125 0.87750625
vt 0.311873828125 0.857090625
vt 0.327129296875 0.857090625
vt 0.3283904296875 0.87750625
vt 0.1653916310027343 0.916648163322184
vt 0.14491699854908469 0.9170091658675028
vt 0.14376542844499618 0.9049982283787755
vt 0.16393566224864475 0.9014623317094819
vt 0.14491699854908469 0.9170091658675028
vt 0.12441722012000024 0.9171078945504063
vt 0.12362034061678252 0.9087963989104845
vt 0.14376542844499618 0.9049982283787756
vt 0.12441722012000024 0.9171078945504063
vt 0.10390001286435417 0.9170248396444601
vt 0.10349268161513046 0.9127763530310432
vt 0.12362034061678252 0.9087963989104845
vt 0.10349268161513045 0.9127763530310432
vt 0.10390001286435417 0.9170248396444601
vt 0.08337391411109324 0.9168490459450579
vt 0.20822922839294394 0.8313642719689569
vt 0.20695213770245433 0.8354366909821775
vt 0.18811046088890676 0.8272915790549421
vt 0.20940248459581098 0.8308548758274115
vt 0.2297649553731716 0.833371316871758
vt 0.22792171272766787 0.8415149299068233
vt 0.20846029656564613 0.8350175479219668
vt 0.2297649553731716 0.833371316871758
vt 0.2500871119546598 0.8360658696865793
vt 0.24742344308556202 0.8478342001212051
vt 0.22792171272766787 0.8415149299068233
vt 0.2500871119546598 0.8360658696865793
vt 0.27035110399044543 0.8390173987349514
vt 0.26698333798915874 0.8538964941020362
vt 0.24742344308556202 0.8478342001212053
vt 0.332289453125 1
vt 0.33102832031249996 0.979584375
vt 0.3488060546875 0.979584375
vt 0.34754492187499997 1
vt 0.33102832031249996 0.979584375
vt 0.33015546875 0.95916875
vt 0.34967890625 0.95916875
vt 0.3488060546875 0.979584375
vt 0.33015546875 0.95916875
vt 0.32970937499999997 0.938753125
vt 0.350125 0.938753125
vt 0.34967890625 0.95916875
vt 0.32970937499999997 0.938753125
vt 0.32970937499999997 0.9183375
vt 0.350125 0.9183375
vt 0.350125 0.938753125
vt 0.32970937499999997 0.9183375
vt 0.33015546875 0.897921875
vt 0.34967890625 0.897921875
vt 0.350125 0.9183375
vt 0.33015546875 0.897921875
vt 0.33102832031249996 0.87750625
vt 0.3488060546875 0.87750625
vt 0.34967890625 0.897921875
vt 0.33102832031249996 0.87750625
vt 0.332289453125 0.857090625
vt 0.34754492187499997 0.857090625
vt 0.3488060546875 0.87750625
vt 0.16357722539985897 0.8996916832029899
vt 0.14361981829287657 0.9042789262220522
vt 0.1400093428820644 0.8927657511443134
vt 0.15901238009266683 0.8851351893221258
vt 0.14361981829287657 0.9042789262220522
vt 0.12358357193358449 0.9086147646443347
vt 0.12108514492377163 0.900647717563281
vt 0.1400093428820644 0.8927657511443134
vt 0.12358357193358449 0.9086147646443347
vt 0.10349268161513045 0.9127763530310432
vt 0.10221559092464085 0.9087039340178225
vt 0.12108514492377162 0.900647717563281
vt 0.10221559092464085 0.9087039340178225
vt 0.10349268161513045 0.9127763530310432
vt 0.08337391411109323 0.9168490459450579
vt 0.20695213770245433 0.8354366909821775
vt 0.20486049779593668 0.8391569866360792
vt 0.18811046088890676 0.8272915790549421
vt 0.20846029656564613 0.8350175479219668
vt 0.22792171272766787 0.8415149299068233
vt 0.2245029216642263 0.8491325308664182
vt 0.20671275452311222 0.8389113447914187
vt 0.22792171272766787 0.8415149299068233
vt 0.24730835533075818 0.8481789190705621
vt 0.24236786236427182 0.8591871097625352
vt 0.2245029216642263 0.8491325308664182
vt 0.2890729263895932 0.84765625
vt 0.27358738664149607 0.8342570352595806
vt 0.2844375598327224 0.823533086896099
vt 0.2976546593671061 0.8391743520894253
vt 0.35270507812499996 1
vt 0.3514439453125 0.979584375
vt 0.36922167968749997 0.979584375
vt 0.367960546875 1
vt 0.3514439453125 0.979584375
vt 0.35057109374999995 0.95916875
vt 0.37009453125 0.95916875
vt 0.36922167968749997 0.979584375
vt 0.35057109374999995 0.95916875
vt 0.350125 0.938753125
vt 0.37054062499999996 0.938753125
vt 0.37009453125 0.95916875
vt 0.350125 0.938753125
vt 0.350125 0.9183375
vt 0.37054062499999996 0.9183375
vt 0.37054062499999996 0.938753125
vt 0.350125 0.9183375
vt 0.35057109374999995 0.897921875
vt 0.37009453125 0.897921875
vt 0.37054062499999996 0.9183375
vt 0.35057109374999995 0.897921875
vt 0.3514439453125 0.87750625
vt 0.36922167968749997 0.87750625
vt 0.37009453125 0.897921875
vt 0.3514439453125 0.87750625
vt 0.35270507812499996 0.857090625
vt 0.367960546875 0.857090625
vt 0.36922167968749997 0.87750625
vt 0.35561863664149607 0.6032429647404194
vt 0.3711041763895932 0.58984375
vt 0.3796859093671061 0.5983256479105747
vt 0.3664688098327224 0.613966913103901
vt 0.13971813237054387 0.8920921085483866
vt 0.12101161003017961 0.9004776130009426
vt 0.116919645633162 0.8931994398724283
vt 0.13380483701337537 0.8815744248166122
vt 0.12101161003017961 0.9004776130009426
vt 0.10221559092464083 0.9087039340178225
vt 0.1001239510181232 0.9049836383639209
vt 0.116919645633162 0.8931994398724283
vt 0.1001239510181232 0.9049836383639209
vt 0.10221559092464085 0.9087039340178225
vt 0.08337391411109323 0.9168490459450579
vt 0.20486049779593668 0.8391569866360792
vt 0.20204473287835567 0.8423643259040545
vt 0.18811046088890676 0.8272915790549421
vt 0.20671275452311222 0.8389113447914187
vt 0.2245029216642263 0.8491325308664182
vt 0.21964388239578875 0.8559226497242047
vt 0.20422901824021406 0.8423821676517779
vt 0.2245029216642263 0.8491325308664182
vt 0.24218681508098977 0.8595022259737457
vt 0.23516502027571412 0.8693146227643035
vt 0.21964388239578875 0.8559226497242047
vt 0.2976546593671061 0.8391743520894253
vt 0.2844375598327224 0.823533086896099
vt 0.29682132815534384 0.8146240123698721
vt 0.3074493595186259 0.8321278932621445
vt 0.2844375598327224 0.823533086896099
vt 0.2714912581205213 0.8076970055598578
vt 0.2859224989698792 0.7973149476205146
vt 0.29682132815534384 0.8146240123698721
vt 0.3718595703125 0.979584375
vt 0.37098671875 0.95916875
vt 0.39051015624999996 0.95916875
vt 0.38963730468749996 0.979584375
vt 0.37098671875 0.95916875
vt 0.37054062499999996 0.938753125
vt 0.39095625 0.938753125
vt 0.39051015624999996 0.95916875
vt 0.37054062499999996 0.938753125
vt 0.37054062499999996 0.9183375
vt 0.39095625 0.9183375
vt 0.39095625 0.938753125
vt 0.37054062499999996 0.9183375
vt 0.37098671875 0.897921875
vt 0.39051015624999996 0.897921875
vt 0.39095625 0.9183375
vt 0.37098671875 0.897921875
vt 0.3718595703125 0.87750625
vt 0.38963730468749996 0.87750625
vt 0.39051015624999996 0.897921875
vt 0.3535225081205213 0.6298029944401422
vt 0.3664688098327224 0.613966913103901
vt 0.37885257815534384 0.6228759876301279
vt 0.3679537489698792 0.6401850523794854
vt 0.3664688098327224 0.613966913103901
vt 0.3796859093671061 0.5983256479105747
vt 0.3894806095186259 0.6053721067378555
vt 0.37885257815534384 0.6228759876301279
vt 0.13338061553649805 0.8809755641920731
vt 0.11681252353444814 0.893048218846539
vt 0.11130392248069622 0.8867735641830781
vt 0.12542013937512525 0.8719080644072945
vt 0.11681252353444814 0.893048218846539
vt 0.10012395101812319 0.9049836383639209
vt 0.09730818610054222 0.9017762990959455
vt 0.11130392248069622 0.8867735641830781
vt 0.09730818610054222 0.9017762990959455
vt 0.1001239510181232 0.9049836383639209
vt 0.08337391411109323 0.9168490459450579
vt 0.20204473287835567 0.8423643259040545
vt 0.19862657198311062 0.8449200515045825
vt 0.18811046088890676 0.8272915790549421
vt 0.20422901824021406 0.8423821676517779
vt 0.21964388239578875 0.8559226497242047
vt 0.2135368936137677 0.8616165644347845
vt 0.20110738271121464 0.845292657108049
vt 0.21964388239578875 0.8559226497242047
vt 0.23492517849262223 0.8695876653698338
vt 0.22609997257506204 0.8778159381883179
vt 0.2135368936137677 0.8616165644347845
vt 0.3074493595186259 0.8321278932621445
vt 0.29682132815534384 0.8146240123698721
vt 0.31043827907696464 0.807745933104525
vt 0.31821942140775233 0.8266878105452063
vt 0.29682132815534384 0.8146240123698721
vt 0.28649106081334164 0.7969697274295481
vt 0.30235937272489705 0.7889544597118954
vt 0.31043827907696464 0.807745933104525
vt 0.0021298828125000113 0.754975
vt 0.0012570312500000125 0.734559375
vt 0.020780468750000017 0.734559375
vt 0.019907617187500018 0.754975
vt 0.0012570312500000125 0.734559375
vt 0.0008109375000000113 0.7141437500000001
vt 0.021226562500000004 0.7141437500000001
vt 0.02078046875000001 0.734559375
vt 0.0008109375000000113 0.7141437500000001
vt 0.0008109375000000113 0.693728125
vt 0.021226562500000004 0.693728125
vt 0.021226562500000004 0.7141437500000001
vt 0.0008109375000000113 0.693728125
vt 0.0012570312500000125 0.6733125
vt 0.02078046875000001 0.6733125
vt 0.021226562500000004 0.693728125
vt 0.0012570312500000125 0.6733125
vt 0.0021298828125000113 0.652896875
vt 0.019907617187500018 0.652896875
vt 0.020780468750000017 0.6733125
vt 0.36852231081334164 0.6405302725704519
vt 0.37885257815534384 0.6228759876301279
vt 0.39246952907696464 0.629754066895475
vt 0.38439062272489705 0.6485455402881046
vt 0.37885257815534384 0.6228759876301279
vt 0.3894806095186259 0.6053721067378555
vt 0.4002506714077524 0.6108121894547937
vt 0.39246952907696464 0.629754066895475
vt 0.12488124655705699 0.8714098752467325
vt 0.11116784419895002 0.8866477641674148
vt 0.10448075019054233 0.8816478891251955
vt 0.11521773091608832 0.8641845587471251
vt 0.11116784419895002 0.8866477641674148
vt 0.09730818610054222 0.9017762990959455
vt 0.09389002520529718 0.8992205734954175
vt 0.10448075019054233 0.8816478891251955
vt 0.09389002520529718 0.8992205734954175
vt 0.09730818610054222 0.9017762990959455
vt 0.08337391411109323 0.9168490459450579
vt 0.19862657198311062 0.8449200515045825
vt 0.19475378647391994 0.846713676228648
vt 0.18811046088890676 0.8272915790549421
vt 0.20110738271121464 0.845292657108049
vt 0.2135368936137677 0.8616165644347846
vt 0.20642364217977816 0.865988935730996
vt 0.19747138808348272 0.8475276292148282
vt 0.2135368936137677 0.8616165644347846
vt 0.2258108281399282 0.8780361014027356
vt 0.21553147265246608 0.8843546126059484
vt 0.20642364217977816 0.865988935730996
vt 0.31821942140775233 0.8266878105452063
vt 0.31043827907696464 0.807745933104525
vt 0.32495808481662963 0.8030657014794217
vt 0.3297035787153908 0.822986072575528
vt 0.023806640625 0.775390625
vt 0.022545507812500004 0.754975
vt 0.0403232421875 0.754975
vt 0.039062109375 0.775390625
vt 0.022545507812500004 0.754975
vt 0.02167265625 0.734559375
vt 0.04119609375 0.734559375
vt 0.0403232421875 0.754975
vt 0.02167265625 0.734559375
vt 0.021226562500000004 0.7141437500000001
vt 0.0416421875 0.7141437500000001
vt 0.04119609375 0.734559375
vt 0.021226562500000004 0.7141437500000001
vt 0.021226562500000004 0.693728125
vt 0.0416421875 0.693728125
vt 0.0416421875 0.7141437500000001
vt 0.021226562500000004 0.693728125
vt 0.02167265625 0.6733125
vt 0.04119609375 0.6733125
vt 0.0416421875 0.693728125
vt 0.02167265625 0.6733125
vt 0.022545507812500004 0.652896875
vt 0.0403232421875 0.652896875
vt 0.04119609375 0.6733125
vt 0.022545507812500004 0.652896875
vt 0.023806640625 0.63248125
vt 0.039062109375 0.63248125
vt 0.0403232421875 0.652896875
vt 0.39246952907696464 0.629754066895475
vt 0.40025067140775233 0.6108121894547937
vt 0.4117348287153908 0.614513927424472
vt 0.40698933481662963 0.6344342985205783
vt 0.11458746376626316 0.8638085783900339
vt 0.10432159855980298 0.8815529486115203
vt 0.09674510302081796 0.8780440040319027
vt 0.10363867449357504 0.8587378046300429
vt 0.10432159855980298 0.8815529486115203
vt 0.09389002520529718 0.8992205734954175
vt 0.09001723969610652 0.8974269487713519
vt 0.09674510302081794 0.8780440040319027
vt 0.09001723969610652 0.8974269487713519
vt 0.09389002520529718 0.8992205734954175
vt 0.08337391411109323 0.9168490459450579
vt 0.19475378647391994 0.846713676228648
vt 0.19059380170424728 0.847667659439752
vt 0.18811046088890673 0.8272915790549421
vt 0.19747138808348272 0.8475276292148282
vt 0.20642364217977816 0.865988935730996
vt 0.1985856382580472 0.8688667250280118
vt 0.19346493049991162 0.848998633933387
vt 0.20642364217977816 0.865988935730996
vt 0.21520446858796083 0.8845131833698002
vt 0.2038777737042955 0.888671875
vt 0.1985856382580472 0.8688667250280118
vt 0.3297035787153908 0.822986072575528
vt 0.32495808481662963 0.8030657014794217
vt 0.340028515625 0.8006968532292487
vt 0.3416232421875 0.8211124782292486
vt 0.044222265625 0.775390625
vt 0.0429611328125 0.754975
vt 0.060738867187500004 0.754975
vt 0.059477734375 0.775390625
vt 0.0429611328125 0.754975
vt 0.04208828125 0.734559375
vt 0.06161171875 0.734559375
vt 0.060738867187500004 0.754975
vt 0.04208828125 0.734559375
vt 0.0416421875 0.7141437500000001
vt 0.062057812500000004 0.7141437500000001
vt 0.06161171875 0.734559375
vt 0.0416421875 0.7141437500000001
vt 0.0416421875 0.693728125
vt 0.062057812500000004 0.693728125
vt 0.062057812500000004 0.7141437500000001
vt 0.0416421875 0.693728125
vt 0.04208828125 0.6733125
vt 0.06161171875 0.6733125
vt 0.062057812500000004 0.693728125
vt 0.04208828125 0.6733125
vt 0.0429611328125 0.652896875
vt 0.060738867187500004 0.652896875
vt 0.06161171875 0.6733125
vt 0.0429611328125 0.652896875
vt 0.044222265625 0.63248125
vt 0.059477734375 0.63248125
vt 0.060738867187500004 0.652896875
vt 0.40698933481662963 0.6344342985205783
vt 0.4117348287153908 0.614513927424472
vt 0.4236544921875 0.6163875217707514
vt 0.422059765625 0.6368031467707513
vt 0.10294428024788711 0.8585002871767418
vt 0.09656975836481312 0.877984027417173
vt 0.08843140265808118 0.8761177093559112
vt 0.09118354717536113 0.8558032720378266
vt 0.09656975836481312 0.877984027417173
vt 0.09001723969610652 0.8974269487713519
vt 0.08585725492643385 0.896472965560248
vt 0.08843140265808118 0.8761177093559112
vt 0.08585725492643385 0.896472965560248
vt 0.09001723969610652 0.8974269487713519
vt 0.08337391411109323 0.9168490459450579
vt 0.18989446276760424 0.8477407592524506
vt 0.1856271200735662 0.847667659439752
vt 0.18811046088890676 0.8272915790549421
vt 0.18989446276760424 0.8477407592524506
vt 0.191585314249768 0.8681883437785946
vt 0.1832369296547594 0.8680453354959263
vt 0.1856271200735662 0.847667659439752
vt 0.191585314249768 0.8681883437785946
vt 0.1930935753320175 0.8886328005212463
vt 0.18102932963586685 0.8884261393355929
vt 0.1832369296547594 0.8680453354959263
vt 0.3416232421875 0.8211124782292486
vt 0.340028515625 0.8006968532292487
vt 0.355283984375 0.8006968532292487
vt 0.3536892578125 0.8211124782292486
vt 0.064637890625 0.775390625
vt 0.0633767578125 0.754975
vt 0.0811544921875 0.754975
vt 0.079893359375 0.775390625
vt 0.0633767578125 0.754975
vt 0.06250390624999999 0.734559375
vt 0.08202734375 0.734559375
vt 0.0811544921875 0.754975
vt 0.06250390624999999 0.734559375
vt 0.062057812500000004 0.7141437500000001
vt 0.0824734375 0.7141437500000001
vt 0.08202734375 0.734559375
vt 0.062057812500000004 0.7141437500000001
vt 0.062057812500000004 0.693728125
vt 0.0824734375 0.693728125
vt 0.0824734375 0.7141437500000001
vt 0.062057812500000004 0.693728125
vt 0.06250390624999999 0.6733125
vt 0.08202734375 0.6733125
vt 0.0824734375 0.693728125
vt 0.06250390624999999 0.6733125
vt 0.0633767578125 0.652896875
vt 0.0811544921875 0.652896875
vt 0.08202734375 0.6733125
vt 0.0633767578125 0.652896875
vt 0.064637890625 0.63248125
vt 0.079893359375 0.63248125
vt 0.0811544921875 0.652896875
vt 0.422059765625 0.6368031467707513
vt 0.4236544921875 0.6163875217707514
vt 0.4357205078125 0.6163875217707514
vt 0.437315234375 0.6368031467707513
vt 0.0904550453641333 0.855714485664407
vt 0.0882474453452407 0.8760952895040737
vt 0.07989906075023215 0.8759522812214054
vt 0.0783907996679827 0.8555078244787537
vt 0.0882474453452407 0.8760952895040737
vt 0.08585725492643385 0.896472965560248
vt 0.0815899122323958 0.8963998657475494
vt 0.07989906075023215 0.8759522812214054
vt 0.0815899122323958 0.8963998657475494
vt 0.08585725492643385 0.896472965560248
vt 0.08337391411109323 0.9168490459450579
vt 0.1856271200735662 0.847667659439752
vt 0.18146713530389352 0.846713676228648
vt 0.18811046088890676 0.8272915790549421
vt 0.1856271200735662 0.847667659439752
vt 0.18305297234191892 0.8680229156440888
vt 0.17491461663518698 0.8661565975828271
vt 0.18146713530389352 0.846713676228648
vt 0.18305297234191892 0.8680229156440888
vt 0.18030082782463905 0.8883373529621734
vt 0.16854009475211307 0.8856403378232582
vt 0.17491461663518698 0.8661565975828271
vt 0.3536892578125 0.8211124782292486
vt 0.355283984375 0.8006968532292487
vt 0.37035441518337037 0.8030657014794217
vt 0.3656089212846092 0.822986072575528
vt 0.085053515625 0.775390625
vt 0.0837923828125 0.754975
vt 0.1015701171875 0.754975
vt 0.10030898437500001 0.775390625
vt 0.0837923828125 0.754975
vt 0.08291953125 0.734559375
vt 0.10244296875 0.734559375
vt 0.10157011718749999 0.754975
vt 0.08291953125 0.734559375
vt 0.0824734375 0.7141437500000001
vt 0.1028890625 0.7141437500000001
vt 0.10244296875 0.734559375
vt 0.0824734375 0.7141437500000001
vt 0.0824734375 0.693728125
vt 0.1028890625 0.693728125
vt 0.1028890625 0.7141437500000001
vt 0.0824734375 0.693728125
vt 0.08291953125 0.6733125
vt 0.10244296875 0.6733125
vt 0.1028890625 0.693728125
vt 0.08291953125 0.6733125
vt 0.0837923828125 0.652896875
vt 0.10157011718749999 0.652896875
vt 0.10244296875 0.6733125
vt 0.0837923828125 0.652896875
vt 0.085053515625 0.63248125
vt 0.10030898437500001 0.63248125
vt 0.1015701171875 0.652896875
vt 0.437315234375 0.6368031467707513
vt 0.4357205078125 0.6163875217707514
vt 0.4476401712846092 0.614513927424472
vt 0.45238566518337037 0.6344342985205783
vt 0.06760660129570452 0.85546875
vt 0.0728987367419528 0.8752738999719882
vt 0.06506073282022186 0.878151689269004
vt 0.05627990641203917 0.8596274416301998
vt 0.0728987367419528 0.8752738999719882
vt 0.07801944450008838 0.8951419910666131
vt 0.0740129869165173 0.8966129957851718
vt 0.06506073282022186 0.878151689269004
vt 0.0767305885260799 0.8974269487713519
vt 0.08089057329575257 0.896472965560248
vt 0.0833739141110932 0.9168490459450579
vt 0.18146713530389352 0.846713676228648
vt 0.17759434979470284 0.8449200515045825
vt 0.18811046088890676 0.8272915790549421
vt 0.18146713530389352 0.846713676228648
vt 0.17473927197918215 0.8660966209680973
vt 0.16716277644019711 0.8625876763884797
vt 0.17759434979470284 0.8449200515045825
vt 0.17473927197918215 0.8660966209680973
vt 0.1678457005064252 0.8854028203699572
vt 0.15689691123373706 0.8803320466099662
vt 0.16716277644019711 0.8625876763884797
vt 0.3656089212846092 0.822986072575528
vt 0.37035441518337037 0.8030657014794217
vt 0.38487422092303536 0.807745933104525
vt 0.37709307859224767 0.8266878105452063
vt 0.105469140625 0.775390625
vt 0.1042080078125 0.754975
vt 0.1219857421875 0.754975
vt 0.120724609375 0.775390625
vt 0.1042080078125 0.754975
vt 0.10333515624999999 0.734559375
vt 0.12285859375000001 0.734559375
vt 0.1219857421875 0.754975
vt 0.10333515624999999 0.734559375
vt 0.1028890625 0.7141437500000001
vt 0.1233046875 0.7141437500000001
vt 0.12285859375000001 0.734559375
vt 0.1028890625 0.7141437500000001
vt 0.1028890625 0.693728125
vt 0.1233046875 0.693728125
vt 0.1233046875 0.7141437500000001
vt 0.1028890625 0.693728125
vt 0.10333515624999999 0.6733125
vt 0.12285859375000001 0.6733125
vt 0.1233046875 0.693728125
vt 0.10333515624999999 0.6733125
vt 0.1042080078125 0.652896875
vt 0.1219857421875 0.652896875
vt 0.12285859375000001 0.6733125
vt 0.1042080078125 0.652896875
vt 0.105469140625 0.63248125
vt 0.120724609375 0.63248125
vt 0.1219857421875 0.652896875
vt 0.45238566518337037 0.6344342985205783
vt 0.4476401712846092 0.614513927424472
vt 0.4591243285922476 0.6108121894547937
vt 0.46690547092303536 0.629754066895475
vt 0.05595290234753394 0.8597860123940516
vt 0.06506073282022186 0.878151689269004
vt 0.057947481386232305 0.8825240605652155
vt 0.04567354686007179 0.8661045235972644
vt 0.06506073282022186 0.878151689269004
vt 0.0740129869165173 0.8966129957851718
vt 0.07037699228878537 0.8988479678919511
vt 0.05794748138623231 0.8825240605652155
vt 0.07285780301688924 0.8992205734954175
vt 0.0767305885260799 0.8974269487713519
vt 0.0833739141110932 0.9168490459450579
vt 0.17759434979470284 0.8449200515045825
vt 0.17417618889945782 0.8423643259040545
vt 0.18811046088890676 0.8272915790549421
vt 0.17759434979470284 0.8449200515045825
vt 0.1670036248094578 0.8624927358748045
vt 0.16031653080105007 0.8574928608325854
vt 0.17417618889945782 0.8423643259040545
vt 0.1670036248094578 0.8624927358748045
vt 0.1562666440839119 0.8799560662528749
vt 0.14660312844294318 0.8727307497532677
vt 0.16031653080105007 0.8574928608325854
vt 0.37709307859224767 0.8266878105452063
vt 0.38487422092303536 0.807745933104525
vt 0.39849117184465616 0.8146240123698721
vt 0.3878631404813741 0.8321278932621445
vt 0.38487422092303536 0.807745933104525
vt 0.392953127275103 0.7889544597118954
vt 0.40882143918665836 0.7969697274295481
vt 0.39849117184465616 0.8146240123698721
vt 0.1246236328125 0.754975
vt 0.12375078124999998 0.734559375
vt 0.14327421874999996 0.734559375
vt 0.14240136718749996 0.754975
vt 0.12375078124999998 0.734559375
vt 0.1233046875 0.7141437500000001
vt 0.1437203125 0.7141437500000001
vt 0.14327421874999996 0.734559375
vt 0.1233046875 0.7141437500000001
vt 0.1233046875 0.693728125
vt 0.1437203125 0.693728125
vt 0.1437203125 0.7141437500000001
vt 0.1233046875 0.693728125
vt 0.12375078124999998 0.6733125
vt 0.14327421874999996 0.6733125
vt 0.1437203125 0.693728125
vt 0.12375078124999998 0.6733125
vt 0.1246236328125 0.652896875
vt 0.14240136718749996 0.652896875
vt 0.14327421874999996 0.6733125
vt 0.474984377275103 0.6485455402881046
vt 0.46690547092303536 0.629754066895475
vt 0.48052242184465616 0.6228759876301279
vt 0.49085268918665836 0.6405302725704519
vt 0.46690547092303536 0.629754066895475
vt 0.4591243285922476 0.6108121894547937
vt 0.46989439048137405 0.6053721067378555
vt 0.48052242184465616 0.6228759876301279
vt 0.045384402424937964 0.8663246868116821
vt 0.057947481386232305 0.8825240605652155
vt 0.05184049260421123 0.8882179752757953
vt 0.03655919650737778 0.8745529596301662
vt 0.057947481386232305 0.8825240605652155
vt 0.07037699228878537 0.8988479678919511
vt 0.06725535675978596 0.9017584573482221
vt 0.05184049260421123 0.8882179752757953
vt 0.0694396421216442 0.9017762990959455
vt 0.07285780301688924 0.8992205734954175
vt 0.0833739141110932 0.9168490459450579
vt 0.17417618889945782 0.8423643259040545
vt 0.17136042398187684 0.8391569866360792
vt 0.18811046088890676 0.8272915790549421
vt 0.17417618889945782 0.8423643259040545
vt 0.16018045251930388 0.8573670608169219
vt 0.15467185146555193 0.8510924061534612
vt 0.17136042398187684 0.8391569866360792
vt 0.16018045251930388 0.8573670608169219
vt 0.1460642356248749 0.8722325605927056
vt 0.1381037594635021 0.863165060807927
vt 0.15467185146555193 0.8510924061534612
vt 0.3878631404813741 0.8321278932621445
vt 0.39849117184465616 0.8146240123698721
vt 0.4108749401672776 0.823533086896099
vt 0.3976578406328939 0.8391743520894253
vt 0.39849117184465616 0.8146240123698721
vt 0.4093900010301208 0.7973149476205146
vt 0.4238212418794787 0.8076970055598578
vt 0.4108749401672776 0.823533086896099
vt 0.10450332031250002 0.628021875
vt 0.10363046875000002 0.60760625
vt 0.12315390625000003 0.60760625
vt 0.12228105468750003 0.628021875
vt 0.10363046875000002 0.60760625
vt 0.10318437500000002 0.5871906250000001
vt 0.12360000000000002 0.5871906250000001
vt 0.12315390625000003 0.60760625
vt 0.10318437500000002 0.5871906250000001
vt 0.10318437500000002 0.566775
vt 0.12360000000000002 0.566775
vt 0.12360000000000002 0.5871906250000001
vt 0.10318437500000002 0.566775
vt 0.10363046875000002 0.546359375
vt 0.12315390625000003 0.546359375
vt 0.12360000000000002 0.566775
vt 0.10363046875000002 0.546359375
vt 0.10450332031250002 0.52594375
vt 0.12228105468750003 0.52594375
vt 0.12315390625000003 0.546359375
vt 0.4914212510301208 0.6401850523794854
vt 0.48052242184465616 0.6228759876301279
vt 0.4929061901672776 0.613966913103901
vt 0.5058524918794787 0.6298029944401422
vt 0.48052242184465616 0.6228759876301279
vt 0.46989439048137405 0.6053721067378555
vt 0.4796890906328939 0.5983256479105747
vt 0.4929061901672776 0.613966913103901
vt 0.03631935472428587 0.8748260022356965
vt 0.051840492604211225 0.8882179752757953
vt 0.04698145333577369 0.8950080941335818
vt 0.02929755991901023 0.8846383990262543
vt 0.051840492604211225 0.8882179752757953
vt 0.06725535675978596 0.9017584573482221
vt 0.06477162047688778 0.9052292802085813
vt 0.04698145333577369 0.8950080941335818
vt 0.06662387720406322 0.9049836383639209
vt 0.0694396421216442 0.9017762990959455
vt 0.0833739141110932 0.9168490459450579
vt 0.17136042398187684 0.8391569866360792
vt 0.16926878407535917 0.8354366909821775
vt 0.18811046088890676 0.8272915790549421
vt 0.17136042398187684 0.8391569866360792
vt 0.15456472936683807 0.8509411851275717
vt 0.15047276496982043 0.8436630119990574
vt 0.16926878407535917 0.8354366909821775
vt 0.15456472936683807 0.8509411851275717
vt 0.13767953798662477 0.862566200183388
vt 0.1317662426294562 0.8520485164516136
vt 0.15047276496982043 0.8436630119990574
vt 0.3976578406328939 0.8391743520894253
vt 0.4108749401672776 0.823533086896099
vt 0.42172511335850393 0.8342570352595806
vt 0.4062395736104068 0.84765625
vt 0.126180078125 0.6484375
vt 0.12491894531250002 0.628021875
vt 0.1426966796875 0.628021875
vt 0.141435546875 0.6484375
vt 0.12491894531250002 0.628021875
vt 0.12404609375 0.60760625
vt 0.14356953125000002 0.60760625
vt 0.1426966796875 0.628021875
vt 0.12404609375 0.60760625
vt 0.12360000000000002 0.5871906250000001
vt 0.144015625 0.5871906250000001
vt 0.14356953125000002 0.60760625
vt 0.12360000000000002 0.5871906250000001
vt 0.12360000000000002 0.566775
vt 0.144015625 0.566775
vt 0.144015625 0.5871906250000001
vt 0.12360000000000002 0.566775
vt 0.12404609375 0.546359375
vt 0.14356953125000002 0.546359375
vt 0.144015625 0.566775
vt 0.12404609375 0.546359375
vt 0.12491894531250002 0.52594375
vt 0.1426966796875 0.52594375
vt 0.14356953125000002 0.546359375
vt 0.12491894531250002 0.52594375
vt 0.126180078125 0.505528125
vt 0.141435546875 0.505528125
vt 0.1426966796875 0.52594375
vt 0.4929061901672776 0.613966913103901
vt 0.4796890906328939 0.5983256479105747
vt 0.4882708236104068 0.58984375
vt 0.5037563633585039 0.6032429647404194
vt 0.02911651263572819 0.8849535152374648
vt 0.04698145333577369 0.8950080941335818
vt 0.04356266227233214 0.9026256950931767
vt 0.02417601966924182 0.8959617059294379
vt 0.04698145333577369 0.8950080941335818
vt 0.06477162047688778 0.9052292802085813
vt 0.06302407843435387 0.9091230770780332
vt 0.04356266227233214 0.9026256950931767
vt 0.06453223729754558 0.9087039340178225
vt 0.06662387720406322 0.9049836383639209
vt 0.0833739141110932 0.9168490459450579
vt 0.16926878407535917 0.8354366909821775
vt 0.16799169338486955 0.8313642719689569
vt 0.18811046088890676 0.8272915790549421
vt 0.16926878407535917 0.8354366909821775
vt 0.1503992300762284 0.843492907436719
vt 0.1479008030664155 0.8355258603556655
vt 0.16799169338486955 0.8313642719689569
vt 0.1503992300762284 0.843492907436719
vt 0.13147503211793565 0.8513748738556867
vt 0.12786455670712346 0.8398616987779479
vt 0.1479008030664155 0.8355258603556655
vt 0.13147503211793565 0.8513748738556867
vt 0.11247199490733323 0.8590054356778744
vt 0.10790714960014107 0.8444489417970102
vt 0.1278645567071235 0.8398616987779479
vt 0.146595703125 0.6484375
vt 0.14533457031250002 0.628021875
vt 0.16311230468750001 0.628021875
vt 0.161851171875 0.6484375
vt 0.14533457031250002 0.628021875
vt 0.14446171875000002 0.60760625
vt 0.16398515625 0.60760625
vt 0.16311230468750001 0.628021875
vt 0.14446171875000002 0.60760625
vt 0.144015625 0.5871906250000001
vt 0.16443125000000003 0.5871906250000001
vt 0.16398515625 0.60760625
vt 0.144015625 0.5871906250000001
vt 0.144015625 0.566775
vt 0.16443125000000003 0.566775
vt 0.16443125000000003 0.5871906250000001
vt 0.144015625 0.566775
vt 0.14446171875000002 0.546359375
vt 0.16398515625 0.546359375
vt 0.16443125000000003 0.566775
vt 0.14446171875000002 0.546359375
vt 0.14533457031250002 0.52594375
vt 0.16311230468750001 0.52594375
vt 0.16398515625 0.546359375
vt 0.14533457031250002 0.52594375
vt 0.146595703125 0.505528125
vt 0.161851171875 0.505528125
vt 0.16311230468750001 0.52594375
vt 0.004501037010841258 0.8902441308979638
vt 0.024060931914437977 0.8963064248787947
vt 0.021397263045340176 0.9080747553134207
vt 0.0011332710095545429 0.9051232262650486
vt 0.024060931914437977 0.8963064248787947
vt 0.04356266227233213 0.9026256950931767
vt 0.041719419626828375 0.910769308128242
vt 0.021397263045340176 0.9080747553134207
vt 0.04356266227233213 0.9026256950931767
vt 0.06302407843435387 0.9091230770780332
vt 0.062081890404188995 0.9132857491725886
vt 0.041719419626828375 0.910769308128242
vt 0.06325514660705597 0.9127763530310432
vt 0.06453223729754558 0.9087039340178225
vt 0.0833739141110932 0.9168490459450579
vt 0.16799169338486955 0.8313642719689569
vt 0.16758436213564581 0.82711578535554
vt 0.18811046088890676 0.8272915790549421
vt 0.16799169338486955 0.8313642719689569
vt 0.1478640343832175 0.8353442260895156
vt 0.14706715487999975 0.8270327304495938
vt 0.16758436213564581 0.82711578535554
vt 0.1478640343832175 0.8353442260895156
vt 0.12771894655500382 0.8391423966212246
vt 0.1265673764509153 0.8271314591324974
vt 0.14706715487999977 0.8270327304495938
vt 0.12771894655500382 0.8391423966212246
vt 0.1075487127513553 0.8426782932905182
vt 0.10609274399726569 0.8274924616778162
vt 0.1265673764509153 0.8271314591324974
vt 0.16701132812500002 0.6484375
vt 0.16575019531250001 0.628021875
vt 0.1835279296875 0.628021875
vt 0.18226679687500003 0.6484375
vt 0.16575019531250001 0.628021875
vt 0.16487734375000002 0.60760625
vt 0.18440078125 0.60760625
vt 0.1835279296875 0.628021875
vt 0.16487734375000002 0.60760625
vt 0.16443125000000003 0.5871906250000001
vt 0.18484687500000002 0.5871906250000001
vt 0.18440078125 0.60760625
vt 0.16443125000000003 0.5871906250000001
vt 0.16443125000000003 0.566775
vt 0.18484687500000002 0.566775
vt 0.18484687500000002 0.5871906250000001
vt 0.16443125000000003 0.566775
vt 0.16487734375000002 0.546359375
vt 0.18440078125 0.546359375
vt 0.18484687500000002 0.566775
vt 0.16487734375000002 0.546359375
vt 0.16575019531250001 0.52594375
vt 0.1835279296875 0.52594375
vt 0.18440078125 0.546359375
vt 0.16575019531250001 0.52594375
vt 0.16701132812500002 0.505528125
vt 0.18226679687500003 0.505528125
vt 0.1835279296875 0.52594375
vt 0.000979813960103576 0.9063649659402322
vt 0.021352689469311403 0.9084354345915495
vt 0.021071260605888972 0.920498167733652
vt 0.0006239939972656899 0.9216162845368739
vt 0.021352689469311403 0.9084354345915495
vt 0.04171941962682838 0.910769308128242
vt 0.0415246725662031 0.919116646045055
vt 0.021071260605888972 0.920498167733652
vt 0.04171941962682838 0.910769308128242
vt 0.062081890404188995 0.9132857491725886
vt 0.061982343906673586 0.9175525568488038
vt 0.0415246725662031 0.919116646045055
vt 0.06284781535783227 0.9170248396444601
vt 0.06325514660705597 0.9127763530310432
vt 0.08337391411109318 0.9168490459450579
vt 0.16758436213564581 0.82711578535554
vt 0.16806439976622164 0.8228748985232597
vt 0.18811046088890676 0.8272915790549421
vt 0.16758436213564581 0.82711578535554
vt 0.14706874196328296 0.8268474187557626
vt 0.14800786006263847 0.8185507908919525
vt 0.16806439976622164 0.8228748985232597
vt 0.14706874196328296 0.8268474187557626
vt 0.1265736615668943 0.8263975937453967
vt 0.1279307805830811 0.8144081416712339
vt 0.14800786006263847 0.8185507908919525
vt 0.1265736615668943 0.8263975937453967
vt 0.10610821556386311 0.8256859640335505
vt 0.10782406671016627 0.8105272971519955
vt 0.1279307805830811 0.8144081416712339
vt 0.18742695312500002 0.6484375
vt 0.1861658203125 0.628021875
vt 0.20394355468750003 0.628021875
vt 0.20268242187500002 0.6484375
vt 0.1861658203125 0.628021875
vt 0.18529296875 0.60760625
vt 0.20481640625000003 0.60760625
vt 0.2039435546875 0.628021875
vt 0.18529296875 0.60760625
vt 0.18484687500000002 0.5871906250000001
vt 0.20526250000000001 0.5871906250000001
vt 0.20481640625000003 0.60760625
vt 0.18484687500000002 0.5871906250000001
vt 0.18484687500000002 0.566775
vt 0.20526250000000001 0.566775
vt 0.20526250000000001 0.5871906250000001
vt 0.18484687500000002 0.566775
vt 0.18529296875 0.546359375
vt 0.20481640625000003 0.546359375
vt 0.20526250000000001 0.566775
vt 0.18529296875 0.546359375
vt 0.1861658203125 0.52594375
vt 0.2039435546875 0.52594375
vt 0.20481640625000003 0.546359375
vt 0.1861658203125 0.52594375
vt 0.18742695312500002 0.505528125
vt 0.20268242187500002 0.505528125
vt 0.20394355468750003 0.52594375
vt 0.0007193749376116082 0.9228638297116751
vt 0.021098965228201316 0.9208605332939003
vt 0.02321091404586126 0.9327402809871103
vt 0.0033895827502598563 0.9378837936603502
vt 0.021098965228201316 0.9208605332939003
vt 0.0415246725662031 0.919116646045055
vt 0.042986128294050595 0.9273373591449405
vt 0.02321091404586126 0.9327402809871103
vt 0.0415246725662031 0.919116646045055
vt 0.061982343906673586 0.9175525568488038
vt 0.06272937853977122 0.9217546392501769
vt 0.042986128294050595 0.9273373591449405
vt 0.06332785298840808 0.9212657264767403
vt 0.06284781535783227 0.9170248396444601
vt 0.08337391411109318 0.9168490459450579
vt 0.16806439976622164 0.8228748985232597
vt 0.16941105365040993 0.8188249503054208
vt 0.18811046088890676 0.8272915790549421
vt 0.16806439976622164 0.8228748985232597
vt 0.14804773430081083 0.8183698130263609
vt 0.15068225075463879 0.8104467265211158
vt 0.16941105365040993 0.8188249503054208
vt 0.14804773430081083 0.8183698130263609
vt 0.1280886892537469 0.8136914389708094
vt 0.1318958274405208 0.8022417912954636
vt 0.15068225075463879 0.8104467265211158
vt 0.1280886892537469 0.8136914389708094
vt 0.10821277783700377 0.8087630475188702
vt 0.113026270496082 0.7942868734661992
vt 0.1318958274405208 0.8022417912954636
vt 0.207842578125 0.6484375
vt 0.2065814453125 0.628021875
vt 0.22435917968750002 0.628021875
vt 0.223098046875 0.6484375
vt 0.2065814453125 0.628021875
vt 0.20570859375 0.60760625
vt 0.22523203125000002 0.60760625
vt 0.22435917968750002 0.628021875
vt 0.20570859375 0.60760625
vt 0.20526250000000001 0.5871906250000001
vt 0.225678125 0.5871906250000001
vt 0.22523203125000002 0.60760625
vt 0.20526250000000001 0.5871906250000001
vt 0.20526250000000001 0.566775
vt 0.225678125 0.566775
vt 0.225678125 0.5871906250000001
vt 0.20526250000000001 0.566775
vt 0.20570859375 0.546359375
vt 0.22523203125000002 0.546359375
vt 0.225678125 0.566775
vt 0.20570859375 0.546359375
vt 0.2065814453125 0.52594375
vt 0.22435917968750002 0.52594375
vt 0.22523203125000002 0.546359375
vt 0.2065814453125 0.52594375
vt 0.207842578125 0.505528125
vt 0.223098046875 0.505528125
vt 0.22435917968750002 0.52594375
vt 0.0037300269362606914 0.9390877721664579
vt 0.023309800443472563 0.9330899920474429
vt 0.027731545606166835 0.9443166078678463
vt 0.00932058783444005 0.9532819595551736
vt 0.023309800443472563 0.9330899920474429
vt 0.04298612829405059 0.9273373591449405
vt 0.04604594903452746 0.9351061089640064
vt 0.027731545606166835 0.9443166078678463
vt 0.04298612829405059 0.9273373591449405
vt 0.06272937853977122 0.9217546392501769
vt 0.0642934300677455 0.9257256970524278
vt 0.04604594903452746 0.9351061089640064
vt 0.06467450687259636 0.9253156746945793
vt 0.06332785298840808 0.9212657264767403
vt 0.08337391411109318 0.9168490459450579
vt 0.16941105365040993 0.8188249503054208
vt 0.17156610625924645 0.8151410250206025
vt 0.18811046088890676 0.8272915790549421
vt 0.16941105365040993 0.8188249503054208
vt 0.1507586883345936 0.8102779063828782
vt 0.1549747097069056 0.803070886159284
vt 0.17156610625924645 0.8151410250206025
vt 0.1507586883345936 0.8102779063828782
vt 0.1321985330768618 0.8015732352343927
vt 0.1382911030964803 0.7911583745239085
vt 0.1549747097069056 0.803070886159284
vt 0.1321985330768618 0.8015732352343927
vt 0.11377141671576739 0.7926411425588518
vt 0.12147445758941758 0.7794732844155886
vt 0.1382911030964803 0.7911583745239085
vt 0.003764222215885401 0.62890625
vt 3.469446951953614e-18 0.6088010558646323
vt 0.017642574235321826 0.6066130399005188
vt 0.018903707047821825 0.6270286649005189
vt 0.2269970703125 0.628021875
vt 0.22612421875 0.60760625
vt 0.24564765624999998 0.60760625
vt 0.24477480468749999 0.628021875
vt 0.22612421875 0.60760625
vt 0.225678125 0.5871906250000001
vt 0.24609375 0.5871906250000001
vt 0.24564765624999998 0.60760625
vt 0.225678125 0.5871906250000001
vt 0.225678125 0.566775
vt 0.24609375 0.566775
vt 0.24609375 0.5871906250000001
vt 0.225678125 0.566775
vt 0.22612421875 0.546359375
vt 0.24564765624999998 0.546359375
vt 0.24609375 0.566775
vt 0.22612421875 0.546359375
vt 0.2269970703125 0.52594375
vt 0.24477480468749999 0.52594375
vt 0.24564765624999998 0.546359375
vt 0 0.5023468989364055
vt 0.003764222215885401 0.4822417048010378
vt 0.018903707047821825 0.4841192899005189
vt 0.017642574235321826 0.5045349149005189
vt 0.009892622032427537 0.9543947233950264
vt 0.027897700304867767 0.9446398244538241
vt 0.03445424923452263 0.95476900996875
vt 0.0181822870231602 0.9672013927951337
vt 0.027897700304867767 0.9446398244538241
vt 0.04604594903452746 0.9351061089640064
vt 0.05058304098866559 0.9421154436909818
vt 0.03445424923452263 0.95476900996875
vt 0.04604594903452746 0.9351061089640064
vt 0.06429343006774549 0.9257256970524278
vt 0.0666126004392502 0.9293085738349743
vt 0.05058304098866559 0.9421154436909818
vt 0.06682955948143292 0.9289995999793976
vt 0.06467450687259636 0.9253156746945793
vt 0.08337391411109318 0.9168490459450579
vt 0.17156610625924645 0.8151410250206025
vt 0.1744363919774626 0.8119823833589415
vt 0.18811046088890676 0.8272915790549421
vt 0.17156610625924645 0.8151410250206025
vt 0.15508440613661476 0.8029215220537801
vt 0.16069966855898987 0.7967421365954235
vt 0.1744363919774626 0.8119823833589415
vt 0.15508440613661476 0.8029215220537801
vt 0.13872551935585256 0.7905668676155293
vt 0.14684013179864763 0.7816370413033338
vt 0.16069966855898987 0.7967421365954235
vt 0.13872551935585256 0.7905668676155293
vt 0.12254382530041864 0.7780172192361483
vt 0.1328034023129771 0.7667269399523746
vt 0.14684013179864763 0.7816370413033338
vt 0.018903707047821825 0.6270286649005189
vt 0.017642574235321826 0.6066130399005188
vt 0.035420308610321825 0.6066130399005188
vt 0.03415917579782182 0.6270286649005189
vt 0.017642574235321826 0.6066130399005188
vt 0.016769722672821827 0.5861974149005189
vt 0.036293160172821824 0.5861974149005189
vt 0.035420308610321825 0.6066130399005188
vt 0.016769722672821827 0.5861974149005189
vt 0.016323628922821826 0.5657817899005189
vt 0.036739253922821825 0.5657817899005189
vt 0.036293160172821824 0.5861974149005189
vt 0.016323628922821826 0.5657817899005189
vt 0.016323628922821826 0.5453661649005188
vt 0.036739253922821825 0.5453661649005188
vt 0.036739253922821825 0.5657817899005189
vt 0.016323628922821826 0.5453661649005188
vt 0.016769722672821827 0.5249505399005189
vt 0.036293160172821824 0.5249505399005189
vt 0.036739253922821825 0.5453661649005188
vt 0.016769722672821827 0.5249505399005189
vt 0.017642574235321826 0.5045349149005189
vt 0.035420308610321825 0.5045349149005189
vt 0.036293160172821824 0.5249505399005189
vt 0.017642574235321826 0.5045349149005189
vt 0.018903707047821825 0.4841192899005189
vt 0.03415917579782182 0.4841192899005189
vt 0.035420308610321825 0.5045349149005189
vt 0.01896327271929671 0.9681789038331181
vt 0.03468109658646039 0.9550529406368194
vt 0.043112970873929415 0.9636838287176059
vt 0.02962397453621586 0.979091225472117
vt 0.03468109658646039 0.9550529406368194
vt 0.05058304098866559 0.9421154436909818
vt 0.05641784667660144 0.9480879657126339
vt 0.043112970873929415 0.9636838287176059
vt 0.05058304098866559 0.9421154436909818
vt 0.0666126004392502 0.9293085738349743
vt 0.06959510743089405 0.9323614756178314
vt 0.05641784667660144 0.9480879657126339
vt 0.06969984519964907 0.9321582416410586
vt 0.06682955948143292 0.9289995999793976
vt 0.0833739141110932 0.9168490459450579
vt 0.1744363919774626 0.8119823833589415
vt 0.17789782476936816 0.8094855773436296
vt 0.18811046088890676 0.8272915790549421
vt 0.1744363919774626 0.8119823833589415
vt 0.16083788152482037 0.7966186857194434
vt 0.1676096301910277 0.7917340775758144
vt 0.17789782476936816 0.8094855773436296
vt 0.16083788152482037 0.7966186857194434
vt 0.14738747832370802 0.7811481551299034
vt 0.1571733283611573 0.7740894107580412
vt 0.1676096301910277 0.7917340775758144
vt 0.14738747832370802 0.7811481551299034
vt 0.13415076141384044 0.7655234880167201
vt 0.14652334024004213 0.7565988804639112
vt 0.1571733283611573 0.7740894107580412
vt 0.03415917579782182 0.6270286649005189
vt 0.035420308610321825 0.6066130399005188
vt 0.053062882845643644 0.6088010558646323
vt 0.049298660629758254 0.62890625
vt 0.2306455078125 0.749115625
vt 0.22977265625 0.7287
vt 0.24929609375 0.7287
vt 0.2484232421875 0.749115625
vt 0.22977265625 0.7287
vt 0.2293265625 0.7082843750000001
vt 0.2497421875 0.7082843750000001
vt 0.24929609375 0.7287
vt 0.2293265625 0.7082843750000001
vt 0.2293265625 0.68786875
vt 0.2497421875 0.68786875
vt 0.2497421875 0.7082843750000001
vt 0.2293265625 0.68786875
vt 0.22977265625 0.667453125
vt 0.24929609375 0.667453125
vt 0.2497421875 0.68786875
vt 0.22977265625 0.667453125
vt 0.2306455078125 0.6470375
vt 0.2484232421875 0.6470375
vt 0.24929609375 0.667453125
vt 0.035420308610321825 0.5045349149005189
vt 0.03415917579782182 0.4841192899005189
vt 0.049298660629758254 0.4822417048010378
vt 0.05306288284564365 0.5023468989364055
vt 0.030583003865987037 0.9798947982638353
vt 0.043391533291865444 0.963917236782302
vt 0.053365037673114325 0.9707082561034315
vt 0.04319284038077527 0.9884809120443846
vt 0.043391533291865444 0.963917236782302
vt 0.05641784667660145 0.9480879657126339
vt 0.06331945100659578 0.9527873097506131
vt 0.053365037673114325 0.9707082561034315
vt 0.05641784667660145 0.9480879657126339
vt 0.06959510743089405 0.9323614756178314
vt 0.07312291697052063 0.9347635824229291
vt 0.06331945100659578 0.9527873097506131
vt 0.07316127799155463 0.9346550476563704
vt 0.06969984519964907 0.9321582416410586
vt 0.0833739141110932 0.9168490459450579
vt 0.17789782476936816 0.8094855773436296
vt 0.18180076257311897 0.8077585470164409
vt 0.18811046088890676 0.8272915790549421
vt 0.17789782476936816 0.8094855773436296
vt 0.1677703845738818 0.7916418768648784
vt 0.17540586833327898 0.7882632137453783
vt 0.18180076257311897 0.8077585470164409
vt 0.1677703845738818 0.7916418768648784
vt 0.15780994267816234 0.7737242804793031
vt 0.16884397579367205 0.7688417763811399
vt 0.17540586833327898 0.7882632137453783
vt 0.15780994267816234 0.7737242804793031
vt 0.14809044271440613 0.7557000685019568
vt 0.16204114132210193 0.7495269546086725
vt 0.16884397579367205 0.7688417763811399
vt 0.252322265625 0.76953125
vt 0.2510611328125 0.749115625
vt 0.2688388671875 0.749115625
vt 0.267577734375 0.76953125
vt 0.2510611328125 0.749115625
vt 0.25018828125 0.7287
vt 0.26971171875 0.7287
vt 0.2688388671875 0.749115625
vt 0.25018828125 0.7287
vt 0.2497421875 0.7082843750000001
vt 0.2701578125 0.7082843750000001
vt 0.26971171875 0.7287
vt 0.2497421875 0.7082843750000001
vt 0.2497421875 0.68786875
vt 0.2701578125 0.68786875
vt 0.2701578125 0.7082843750000001
vt 0.2497421875 0.68786875
vt 0.25018828125 0.667453125
vt 0.26971171875 0.667453125
vt 0.2701578125 0.68786875
vt 0.25018828125 0.667453125
vt 0.2510611328125 0.6470375
vt 0.2688388671875 0.6470375
vt 0.26971171875 0.667453125
vt 0.2510611328125 0.6470375
vt 0.252322265625 0.626621875
vt 0.267577734375 0.626621875
vt 0.2688388671875 0.6470375
vt 0.044291959321800786 0.9890787448307305
vt 0.05368429092252684 0.970881904334321
vt 0.06480471942064195 0.9755642972141478
vt 0.05835189051301408 0.9949988513906308
vt 0.05368429092252684 0.970881904334321
vt 0.06331945100659578 0.9527873097506132
vt 0.07101471984492691 0.9560274971249633
vt 0.06480471942064195 0.9755642972141478
vt 0.06331945100659578 0.9527873097506131
vt 0.07312291697052063 0.9347635824229291
vt 0.077056414389356 0.9364198297797548
vt 0.07101471984492692 0.9560274971249633
vt 0.07706421579530544 0.9363820779835591
vt 0.07316127799155463 0.9346550476563704
vt 0.0833739141110932 0.9168490459450579
vt 0.18180076257311897 0.8077585470164409
vt 0.18597647651390675 0.8068759540549422
vt 0.18811046088890676 0.8272915790549421
vt 0.18180076257311897 0.8077585470164409
vt 0.17558221452045383 0.7882062491513502
vt 0.18375134187578412 0.7864795948815316
vt 0.18597647651390675 0.8068759540549422
vt 0.17558221452045383 0.7882062491513502
vt 0.16954233627076493 0.768616187034978
vt 0.18134753743468524 0.7661209999594026
vt 0.18375134187578412 0.7864795948815316
vt 0.16954233627076493 0.768616187034978
vt 0.16376023937317752 0.7489716393838693
vt 0.17868595164148482 0.7458168905720101
vt 0.18134753743468524 0.7661209999594026
vt 0.272737890625 0.76953125
vt 0.2714767578125 0.749115625
vt 0.2892544921875 0.749115625
vt 0.287993359375 0.76953125
vt 0.2714767578125 0.749115625
vt 0.27060390624999997 0.7287
vt 0.29012734375 0.7287
vt 0.2892544921875 0.749115625
vt 0.27060390624999997 0.7287
vt 0.2701578125 0.7082843750000001
vt 0.2905734375 0.7082843750000001
vt 0.29012734375 0.7287
vt 0.2701578125 0.7082843750000001
vt 0.2701578125 0.68786875
vt 0.2905734375 0.68786875
vt 0.2905734375 0.7082843750000001
vt 0.2701578125 0.68786875
vt 0.27060390624999997 0.667453125
vt 0.29012734375 0.667453125
vt 0.2905734375 0.68786875
vt 0.27060390624999997 0.667453125
vt 0.2714767578125 0.6470375
vt 0.2892544921875 0.6470375
vt 0.29012734375 0.667453125
vt 0.2714767578125 0.6470375
vt 0.272737890625 0.626621875
vt 0.287993359375 0.626621875
vt 0.2892544921875 0.6470375
vt 0.05954760093276412 0.9953672846668862
vt 0.06515202890882656 0.9756713134034298
vt 0.07697928550276449 0.9780597720117997
vt 0.07450119862189784 0.9983870930935519
vt 0.06515202890882656 0.9756713134034298
vt 0.07101471984492691 0.9560274971249633
vt 0.0791991094235932 0.9576802959450579
vt 0.07697928550276448 0.9780597720117997
vt 0.07101471984492691 0.9560274971249633
vt 0.077056414389356 0.9364198297797548
vt 0.08123992973609322 0.9372646709450579
vt 0.07919910942359322 0.9576802959450579
vt 0.08123992973609322 0.9372646709450579
vt 0.07706421579530544 0.9363820779835591
vt 0.08337391411109321 0.9168490459450579
vt 0.18597647651390675 0.8068759540549422
vt 0.19024444526390674 0.8068759540549422
vt 0.18811046088890676 0.8272915790549421
vt 0.18597647651390675 0.8068759540549422
vt 0.18393565620140673 0.7864603290549421
vt 0.19228526557640674 0.7864603290549421
vt 0.19024444526390674 0.8068759540549422
vt 0.18393565620140673 0.7864603290549421
vt 0.18207745307640674 0.7660447040549421
vt 0.19414346870140675 0.7660447040549421
vt 0.19228526557640674 0.7864603290549421
vt 0.18207745307640674 0.7660447040549421
vt 0.18048272651390673 0.7456290790549421
vt 0.19573819526390673 0.7456290790549421
vt 0.19414346870140675 0.7660447040549421
vt 0.293153515625 0.76953125
vt 0.2918923828125 0.749115625
vt 0.3096701171875 0.749115625
vt 0.308408984375 0.76953125
vt 0.2918923828125 0.749115625
vt 0.29101953125 0.7287
vt 0.31054296875 0.7287
vt 0.3096701171875 0.749115625
vt 0.29101953125 0.7287
vt 0.2905734375 0.7082843750000001
vt 0.3109890625 0.7082843750000001
vt 0.31054296875 0.7287
vt 0.2905734375 0.7082843750000001
vt 0.2905734375 0.68786875
vt 0.3109890625 0.68786875
vt 0.3109890625 0.7082843750000001
vt 0.2905734375 0.68786875
vt 0.29101953125 0.667453125
vt 0.31054296875 0.667453125
vt 0.3109890625 0.68786875
vt 0.29101953125 0.667453125
vt 0.2918923828125 0.6470375
vt 0.3096701171875 0.6470375
vt 0.31054296875 0.667453125
vt 0.2918923828125 0.6470375
vt 0.293153515625 0.626621875
vt 0.308408984375 0.626621875
vt 0.3096701171875 0.6470375
vt 0.07574617973609321 0.998511545945058
vt 0.0773409062985932 0.9780959209450579
vt 0.08940692192359322 0.9780959209450579
vt 0.09100164848609321 0.998511545945058
vt 0.0773409062985932 0.9780959209450579
vt 0.0791991094235932 0.9576802959450579
vt 0.08754871879859322 0.9576802959450579
vt 0.08940692192359322 0.9780959209450579
vt 0.0791991094235932 0.9576802959450579
vt 0.08123992973609322 0.9372646709450579
vt 0.0855078984860932 0.9372646709450579
vt 0.08754871879859322 0.9576802959450579
vt 0.0855078984860932 0.9372646709450579
vt 0.08123992973609322 0.9372646709450579
vt 0.08337391411109321 0.9168490459450579
vn 0.021732689536559806 0.9945218953682734 0.1022442655536468
vn 0.06424824579191761 0.9510565162951534 0.30226423163382743
vn 0.10395584540887946 0.8660254037844388 0.48907380036690246
vn 0.13912007574598234 0.7431448254773947 0.6545084971874734
vn 0.16820409120079688 0.5877852522924731 0.7913380320007296
vn 0.18993678073735704 0.4067366430757999 0.8935822975543768
vn 0.20336832153790044 0.20791169081775962 0.9567727288213004
vn 0.2079116908177597 0 0.9781476007338057
vn 0.20336832153790027 -0.20791169081775898 0.9567727288213007
vn 0.1899367807373566 -0.4067366430758003 0.8935822975543766
vn 0.16820409120079677 -0.5877852522924732 0.7913380320007296
vn 0.13912007574598276 -0.7431448254773942 0.654508497187474
vn 0.1039558454088798 -0.8660254037844385 0.4890738003669031
vn 0.06424824579191743 -0.9510565162951535 0.3022642316338269
vn 0.021732689536559806 -0.9945218953682734 0.1022442655536468
vn 0.042515556255357356 0.9945218953682734 0.0954915028125261
vn 0.12568853494543963 0.9510565162951534 0.282301071545603
vn 0.20336832153789983 0.866025403784439 0.45677272882130016
vn 0.2721599366096765 0.7431448254773948 0.6112812260087737
vn 0.32905685648333965 0.587785252292473 0.739073800366903
vn 0.37157241273869696 0.40673664307579965 0.8345653031794297
vn 0.3978484715551156 0.20791169081775943 0.8935822975543769
vn 0.4067366430757995 0 0.9135454576426013
vn 0.39784847155511577 -0.2079116908177587 0.8935822975543769
vn 0.37157241273869707 -0.40673664307580004 0.8345653031794292
vn 0.32905685648333965 -0.5877852522924731 0.7390738003669028
vn 0.27215993660967647 -0.7431448254773944 0.6112812260087743
vn 0.2033683215379 -0.8660254037844386 0.4567727288213008
vn 0.12568853494543955 -0.9510565162951535 0.2823010715456025
vn 0.04251555625535736 -0.9945218953682735 0.09549150281252612
vn 0.06144028915352207 0.9945218953682734 0.08456530317942894
vn 0.18163563200134064 0.9510565162951535 0.2500000000000005
vn 0.29389262614623635 0.8660254037844389 0.40450849718747345
vn 0.3933051022752568 0.7431448254773947 0.5413380320007293
vn 0.4755282581475768 0.587785252292473 0.6545084971874738
vn 0.5369685473010991 0.40673664307579993 0.7390738003669031
vn 0.5749407342765971 0.20791169081775973 0.7913380320007296
vn 0.5877852522924731 0 0.8090169943749477
vn 0.5749407342765971 -0.20791169081775898 0.7913380320007298
vn 0.5369685473010989 -0.4067366430758002 0.7390738003669028
vn 0.4755282581475766 -0.5877852522924732 0.6545084971874738
vn 0.39330510227525695 -0.7431448254773941 0.5413380320007298
vn 0.29389262614623657 -0.8660254037844386 0.404508497187474
vn 0.18163563200134009 -0.9510565162951536 0.25000000000000017
vn 0.06144028915352207 -0.9945218953682734 0.08456530317942894
vn 0.0776797865924604 0.9945218953682735 0.06994319400804445
vn 0.22964438035431967 0.9510565162951534 0.20677272882130093
vn 0.3715724127386966 0.8660254037844392 0.33456530317942895
vn 0.4972609476841363 0.7431448254773947 0.44773576836617307
vn 0.6012167930930163 0.5877852522924731 0.5413380320007298
vn 0.678896579685477 0.4067366430757999 0.6112812260087742
vn 0.7269053280384562 0.20791169081775976 0.6545084971874734
vn 0.7431448254773945 0 0.6691306063588579
vn 0.7269053280384561 -0.20791169081775904 0.6545084971874737
vn 0.6788965796854768 -0.40673664307580043 0.6112812260087743
vn 0.6012167930930167 -0.587785252292473 0.5413380320007293
vn 0.49726094768413676 -0.7431448254773942 0.44773576836617335
vn 0.3715724127386974 -0.8660254037844386 0.33456530317942923
vn 0.2296443803543194 -0.9510565162951535 0.20677272882130046
vn 0.0776797865924604 -0.9945218953682735 0.06994319400804445
vn 0.09052430460833628 0.9945218953682735 0.052264231633826666
vn 0.2676165673298179 0.9510565162951534 0.1545084971874741
vn 0.4330127018922189 0.866025403784439 0.24999999999999978
vn 0.5794841035564561 0.7431448254773946 0.334565303179429
vn 0.7006292692220369 0.587785252292473 0.4045084971874736
vn 0.7911535738303732 0.40673664307579965 0.4567727288213011
vn 0.8471006708862739 0.2079116908177595 0.4890738003669029
vn 0.8660254037844386 0 0.5000000000000001
vn 0.8471006708862738 -0.20791169081775876 0.4890738003669032
vn 0.7911535738303735 -0.40673664307580004 0.4567727288213002
vn 0.7006292692220363 -0.5877852522924735 0.40450849718747406
vn 0.5794841035564565 -0.7431448254773941 0.33456530317942934
vn 0.43301270189221963 -0.8660254037844386 0.25000000000000033
vn 0.26761656732981753 -0.9510565162951538 0.15450849718747384
vn 0.09052430460833627 -0.9945218953682735 0.05226423163382666
vn 0.09941247612902024 0.9945218953682734 0.03230107154560233
vn 0.29389262614623723 0.9510565162951535 0.09549150281252636
vn 0.4755282581475763 0.8660254037844389 0.15450849718747353
vn 0.6363810234301189 0.7431448254773947 0.20677272882130043
vn 0.7694208842938136 0.5877852522924728 0.25000000000000017
vn 0.868833360422834 0.40673664307580015 0.2823010715456021
vn 0.930273649576356 0.207911690817759 0.302264231633827
vn 0.9510565162951535 0 0.3090169943749476
vn 0.9302736495763564 -0.20791169081775834 0.3022642316338265
vn 0.8688333604228337 -0.40673664307580076 0.28230107154560247
vn 0.7694208842938135 -0.5877852522924729 0.25000000000000017
vn 0.6363810234301194 -0.7431448254773944 0.20677272882130054
vn 0.47552825814757715 -0.8660254037844387 0.15450849718747373
vn 0.2938926261462367 -0.9510565162951535 0.09549150281252637
vn 0.09941247612902027 -0.9945218953682735 0.032301071545602335
vn 0.10395584540887946 0.9945218953682734 0.010926199633097137
vn 0.30732416694678044 0.9510565162951534 0.03230107154560251
vn 0.4972609476841362 0.8660254037844389 0.05226423163382654
vn 0.6654650388849331 0.7431448254773948 0.0699431940080442
vn 0.8045851146309168 0.5877852522924728 0.08456530317942906
vn 0.9085409600397963 0.4067366430757999 0.09549150281252619
vn 0.9727892058317135 0.20791169081775956 0.10224426555364681
vn 0.9945218953682735 0 0.10452846326765336
vn 0.9727892058317137 -0.20791169081775887 0.10224426555364687
vn 0.9085409600397962 -0.40673664307580043 0.09549150281252627
vn 0.8045851146309168 -0.5877852522924729 0.08456530317942865
vn 0.6654650388849338 -0.7431448254773942 0.06994319400804436
vn 0.49726094768413676 -0.8660254037844386 0.05226423163382688
vn 0.30732416694677994 -0.9510565162951535 0.03230107154560225
vn 0.10395584540887946 -0.9945218953682734 0.010926199633097137
vn 0.10395584540887948 0.9945218953682735 -0.010926199633097138
vn 0.3073241669467804 0.9510565162951534 -0.03230107154560241
vn 0.4972609476841362 0.8660254037844389 -0.05226423163382655
vn 0.6654650388849332 0.7431448254773947 -0.06994319400804422
vn 0.8045851146309168 0.587785252292473 -0.08456530317942912
vn 0.9085409600397963 0.4067366430757999 -0.09549150281252618
vn 0.9727892058317136 0.20791169081775954 -0.10224426555364682
vn 0.9945218953682735 0 -0.10452846326765333
vn 0.9727892058317138 -0.20791169081775887 -0.10224426555364688
vn 0.9085409600397961 -0.40673664307580026 -0.09549150281252618
vn 0.8045851146309166 -0.5877852522924732 -0.08456530317942862
vn 0.665465038884934 -0.7431448254773941 -0.06994319400804437
vn 0.49726094768413703 -0.8660254037844386 -0.05226423163382692
vn 0.3073241669467799 -0.9510565162951535 -0.03230107154560224
vn 0.10395584540887949 -0.9945218953682735 -0.01092619963309714
vn 0.09941247612902025 0.9945218953682735 -0.032301071545602286
vn 0.29389262614623723 0.9510565162951534 -0.09549150281252632
vn 0.4755282581475764 0.866025403784439 -0.1545084971874735
vn 0.6363810234301189 0.7431448254773947 -0.20677272882130063
vn 0.7694208842938137 0.5877852522924728 -0.24999999999999986
vn 0.8688333604228341 0.40673664307579993 -0.2823010715456025
vn 0.9302736495763562 0.20791169081775956 -0.3022642316338267
vn 0.9510565162951538 0 -0.30901699437494734
vn 0.9302736495763563 -0.20791169081775884 -0.30226423163382676
vn 0.868833360422834 -0.4067366430758003 -0.28230107154560213
vn 0.7694208842938135 -0.587785252292473 -0.2500000000000004
vn 0.6363810234301195 -0.7431448254773942 -0.2067727288213003
vn 0.47552825814757715 -0.8660254037844387 -0.15450849718747342
vn 0.2938926261462368 -0.9510565162951536 -0.09549150281252622
vn 0.09941247612902025 -0.9945218953682735 -0.032301071545602286
vn 0.09052430460833624 0.9945218953682735 -0.05226423163382668
vn 0.267616567329818 0.9510565162951535 -0.1545084971874742
vn 0.4330127018922189 0.8660254037844389 -0.24999999999999978
vn 0.5794841035564563 0.7431448254773946 -0.3345653031794288
vn 0.7006292692220369 0.5877852522924731 -0.4045084971874737
vn 0.7911535738303735 0.40673664307579954 -0.45677272882130054
vn 0.8471006708862738 0.20791169081775962 -0.4890738003669029
vn 0.8660254037844386 0 -0.5000000000000002
vn 0.847100670886274 -0.20791169081775887 -0.4890738003669027
vn 0.7911535738303735 -0.40673664307580026 -0.4567727288213003
vn 0.7006292692220367 -0.5877852522924732 -0.4045084971874737
vn 0.5794841035564567 -0.743144825477394 -0.33456530317942945
vn 0.4330127018922195 -0.8660254037844386 -0.25000000000000033
vn 0.2676165673298175 -0.9510565162951536 -0.154508497187474
vn 0.09052430460833624 -0.9945218953682735 -0.05226423163382668
vn 0.07767978659246043 0.9945218953682735 -0.06994319400804445
vn 0.22964438035431972 0.9510565162951535 -0.2067727288213009
vn 0.3715724127386966 0.8660254037844392 -0.334565303179429
vn 0.4972609476841364 0.7431448254773946 -0.44773576836617324
vn 0.6012167930930162 0.5877852522924731 -0.5413380320007298
vn 0.6788965796854772 0.4067366430757997 -0.6112812260087743
vn 0.7269053280384558 0.2079116908177593 -0.654508497187474
vn 0.7431448254773941 0 -0.6691306063588583
vn 0.7269053280384556 -0.20791169081775854 -0.6545084971874742
vn 0.6788965796854768 -0.4067366430758001 -0.6112812260087744
vn 0.6012167930930162 -0.5877852522924734 -0.5413380320007295
vn 0.49726094768413676 -0.743144825477394 -0.4477357683661734
vn 0.3715724127386975 -0.8660254037844387 -0.33456530317942906
vn 0.2296443803543193 -0.9510565162951535 -0.2067727288213005
vn 0.07767978659246043 -0.9945218953682735 -0.06994319400804445
vn 0.06144028915352209 0.9945218953682735 -0.08456530317942894
vn 0.18163563200134064 0.9510565162951535 -0.25000000000000056
vn 0.29389262614623635 0.866025403784439 -0.4045084971874734
vn 0.3933051022752567 0.7431448254773947 -0.5413380320007292
vn 0.47552825814757677 0.5877852522924731 -0.6545084971874737
vn 0.536968547301099 0.40673664307579993 -0.739073800366903
vn 0.5749407342765976 0.20791169081775904 -0.7913380320007293
vn 0.5877852522924737 0 -0.8090169943749471
vn 0.5749407342765976 -0.20791169081775884 -0.7913380320007295
vn 0.5369685473010992 -0.4067366430758 -0.739073800366903
vn 0.4755282581475768 -0.5877852522924732 -0.6545084971874736
vn 0.3933051022752571 -0.7431448254773941 -0.5413380320007297
vn 0.29389262614623674 -0.8660254037844386 -0.404508497187474
vn 0.18163563200134022 -0.9510565162951538 -0.25000000000000006
vn 0.06144028915352209 -0.9945218953682735 -0.08456530317942894
vn 0.042515556255357384 0.9945218953682735 -0.09549150281252611
vn 0.1256885349454397 0.9510565162951534 -0.282301071545603
vn 0.20336832153789997 0.866025403784439 -0.4567727288213002
vn 0.27215993660967674 0.7431448254773947 -0.6112812260087738
vn 0.3290568564833398 0.5877852522924731 -0.7390738003669028
vn 0.371572412738697 0.4067366430757998 -0.8345653031794293
vn 0.3978484715551158 0.20791169081775976 -0.8935822975543767
vn 0.4067366430757998 0 -0.9135454576426012
vn 0.39784847155511605 -0.207911690817759 -0.8935822975543769
vn 0.37157241273869723 -0.4067366430758003 -0.8345653031794292
vn 0.3290568564833398 -0.5877852522924734 -0.7390738003669026
vn 0.2721599366096768 -0.7431448254773942 -0.6112812260087743
vn 0.20336832153790016 -0.8660254037844385 -0.45677272882130077
vn 0.12568853494543958 -0.9510565162951535 -0.28230107154560247
vn 0.042515556255357384 -0.9945218953682735 -0.09549150281252611
vn 0.021732689536559817 0.9945218953682735 -0.1022442655536468
vn 0.06424824579191765 0.9510565162951534 -0.3022642316338273
vn 0.10395584540887956 0.866025403784439 -0.48907380036690246
vn 0.13912007574598242 0.7431448254773948 -0.6545084971874733
vn 0.16820409120079707 0.587785252292473 -0.7913380320007297
vn 0.18993678073735726 0.4067366430757997 -0.8935822975543769
vn 0.2033683215379006 0.20791169081775945 -0.9567727288213005
vn 0.20791169081775981 0 -0.9781476007338057
vn 0.2033683215379004 -0.2079116908177588 -0.9567727288213007
vn 0.18993678073735687 -0.4067366430758001 -0.8935822975543768
vn 0.1682040912007968 -0.5877852522924731 -0.7913380320007296
vn 0.1391200757459828 -0.7431448254773944 -0.6545084971874737
vn 0.10395584540887985 -0.8660254037844386 -0.4890738003669031
vn 0.06424824579191733 -0.9510565162951535 -0.3022642316338268
vn 0.021732689536559817 -0.9945218953682735 -0.1022442655536468
vn 0 0.9945218953682735 -0.1045284632676533
vn 0 0.9510565162951535 -0.30901699437494806
vn 0 0.8660254037844389 -0.49999999999999967
vn 0 0.7431448254773947 -0.6691306063588578
vn 0 0.587785252292473 -0.8090169943749477
vn 0 0.4067366430757998 -0.9135454576426012
vn 0 0.2079116908177596 -0.9781476007338056
vn 0 0 -1
vn 0 -0.20791169081775893 -0.9781476007338058
vn 0 -0.4067366430758003 -0.913545457642601
vn 0 -0.5877852522924732 -0.8090169943749476
vn 0 -0.7431448254773941 -0.6691306063588583
vn 0 -0.8660254037844385 -0.5000000000000004
vn 0 -0.9510565162951535 -0.3090169943749475
vn 0 -0.9945218953682735 -0.1045284632676533
vn -0.021732689536559775 0.9945218953682735 -0.10224426555364681
vn -0.06424824579191751 0.9510565162951535 -0.3022642316338274
vn -0.10395584540887932 0.8660254037844388 -0.48907380036690246
vn -0.13912007574598215 0.7431448254773947 -0.6545084971874733
vn -0.16820409120079666 0.587785252292473 -0.7913380320007298
vn -0.18993678073735676 0.4067366430757998 -0.8935822975543768
vn -0.20336832153790016 0.20791169081775962 -0.9567727288213005
vn -0.2079116908177594 0 -0.9781476007338058
vn -0.20336832153789997 -0.20791169081775895 -0.9567727288213006
vn -0.18993678073735634 -0.4067366430758003 -0.8935822975543767
vn -0.1682040912007965 -0.5877852522924732 -0.7913380320007296
vn -0.13912007574598256 -0.7431448254773942 -0.6545084971874738
vn -0.10395584540887966 -0.8660254037844385 -0.4890738003669032
vn -0.06424824579191733 -0.9510565162951535 -0.3022642316338268
vn -0.021732689536559775 -0.9945218953682735 -0.10224426555364681
vn -0.04251555625535746 0.9945218953682735 -0.09549150281252608
vn -0.1256885349454399 0.9510565162951534 -0.2823010715456029
vn -0.2033683215379002 0.866025403784439 -0.45677272882129993
vn -0.27215993660967674 0.7431448254773948 -0.6112812260087737
vn -0.32905685648334043 0.587785252292473 -0.7390738003669026
vn -0.3715724127386978 0.4067366430757996 -0.8345653031794293
vn -0.39784847155511627 0.2079116908177594 -0.8935822975543765
vn -0.4067366430758004 0 -0.9135454576426009
vn -0.39784847155511677 -0.2079116908177587 -0.8935822975543763
vn -0.37157241273869795 -0.4067366430758001 -0.834565303179429
vn -0.32905685648334054 -0.5877852522924732 -0.7390738003669025
vn -0.27215993660967697 -0.7431448254773944 -0.6112812260087741
vn -0.20336832153790058 -0.8660254037844385 -0.45677272882130054
vn -0.12568853494543994 -0.9510565162951535 -0.2823010715456024
vn -0.04251555625535746 -0.9945218953682735 -0.09549150281252608
vn -0.061440289153522065 0.9945218953682735 -0.08456530317942897
vn -0.18163563200134053 0.9510565162951534 -0.25000000000000056
vn -0.29389262614623635 0.866025403784439 -0.40450849718747345
vn -0.3933051022752569 0.7431448254773948 -0.5413380320007289
vn -0.4755282581475769 0.5877852522924728 -0.6545084971874742
vn -0.5369685473010989 0.4067366430757998 -0.7390738003669032
vn -0.5749407342765972 0.20791169081775993 -0.7913380320007295
vn -0.5877852522924731 0 -0.8090169943749476
vn -0.5749407342765971 -0.20791169081775923 -0.7913380320007299
vn -0.5369685473010988 -0.4067366430758003 -0.739073800366903
vn -0.47552825814757643 -0.5877852522924732 -0.654508497187474
vn -0.3933051022752571 -0.743144825477394 -0.5413380320007298
vn -0.29389262614623657 -0.8660254037844386 -0.404508497187474
vn -0.1816356320013401 -0.9510565162951535 -0.2500000000000003
vn -0.061440289153522065 -0.9945218953682735 -0.08456530317942897
vn -0.07767978659246039 0.9945218953682735 -0.06994319400804448
vn -0.22964438035431964 0.9510565162951534 -0.206772728821301
vn -0.3715724127386967 0.866025403784439 -0.33456530317942895
vn -0.4972609476841363 0.7431448254773947 -0.44773576836617324
vn -0.6012167930930165 0.587785252292473 -0.5413380320007296
vn -0.6788965796854771 0.4067366430757999 -0.6112812260087741
vn -0.7269053280384563 0.2079116908177597 -0.6545084971874732
vn -0.7431448254773947 0 -0.6691306063588577
vn -0.726905328038456 -0.20791169081775904 -0.6545084971874737
vn -0.6788965796854768 -0.4067366430758004 -0.6112812260087742
vn -0.6012167930930165 -0.587785252292473 -0.5413380320007295
vn -0.4972609476841369 -0.7431448254773942 -0.4477357683661731
vn -0.3715724127386972 -0.8660254037844386 -0.33456530317942934
vn -0.22964438035431922 -0.9510565162951535 -0.2067727288213006
vn -0.07767978659246039 -0.9945218953682735 -0.06994319400804448
vn -0.09052430460833628 0.9945218953682735 -0.05226423163382662
vn -0.267616567329818 0.9510565162951535 -0.15450849718747398
vn -0.43301270189221897 0.8660254037844389 -0.24999999999999978
vn -0.5794841035564563 0.7431448254773947 -0.33456530317942884
vn -0.7006292692220368 0.5877852522924729 -0.40450849718747384
vn -0.7911535738303734 0.40673664307579976 -0.4567727288213006
vn -0.8471006708862737 0.2079116908177593 -0.48907380036690323
vn -0.8660254037844385 0 -0.5000000000000004
vn -0.847100670886274 -0.20791169081775857 -0.48907380036690296
vn -0.7911535738303733 -0.4067366430758 -0.45677272882130054
vn -0.7006292692220368 -0.5877852522924732 -0.40450849718747367
vn -0.5794841035564563 -0.7431448254773944 -0.3345653031794295
vn -0.4330127018922197 -0.8660254037844385 -0.2500000000000002
vn -0.2676165673298175 -0.9510565162951536 -0.15450849718747367
vn -0.09052430460833628 -0.9945218953682735 -0.05226423163382662
vn -0.09941247612902025 0.9945218953682735 -0.0323010715456023
vn -0.2938926261462372 0.9510565162951535 -0.09549150281252648
vn -0.47552825814757643 0.866025403784439 -0.15450849718747364
vn -0.6363810234301189 0.7431448254773946 -0.20677272882130074
vn -0.7694208842938135 0.5877852522924731 -0.25
vn -0.868833360422834 0.40673664307579976 -0.2823010715456026
vn -0.9302736495763558 0.20791169081775965 -0.30226423163382676
vn -0.9510565162951535 0 -0.30901699437494756
vn -0.930273649576356 -0.20791169081775893 -0.30226423163382693
vn -0.8688333604228339 -0.40673664307580015 -0.2823010715456023
vn -0.7694208842938131 -0.5877852522924732 -0.2500000000000004
vn -0.6363810234301197 -0.743144825477394 -0.2067727288213006
vn -0.4755282581475771 -0.8660254037844385 -0.15450849718747398
vn -0.29389262614623657 -0.9510565162951536 -0.09549150281252634
vn -0.09941247612902025 -0.9945218953682735 -0.0323010715456023
vn -0.10395584540887948 0.9945218953682735 -0.0109261996330972
vn -0.30732416694678044 0.9510565162951535 -0.032301071545602515
vn -0.4972609476841363 0.866025403784439 -0.05226423163382678
vn -0.6654650388849332 0.7431448254773947 -0.06994319400804459
vn -0.8045851146309169 0.5877852522924729 -0.08456530317942955
vn -0.9085409600397963 0.40673664307580004 -0.09549150281252661
vn -0.9727892058317136 0.2079116908177596 -0.10224426555364723
vn -0.9945218953682734 0 -0.10452846326765378
vn -0.9727892058317136 -0.20791169081775884 -0.10224426555364731
vn -0.908540960039796 -0.4067366430758004 -0.09549150281252673
vn -0.8045851146309166 -0.5877852522924729 -0.08456530317942924
vn -0.6654650388849339 -0.7431448254773941 -0.06994319400804457
vn -0.49726094768413703 -0.8660254037844387 -0.05226423163382666
vn -0.30732416694677983 -0.9510565162951536 -0.032301071545602474
vn -0.10395584540887948 -0.9945218953682735 -0.0109261996330972
vn -0.10395584540887946 0.9945218953682734 0.010926199633097202
vn -0.30732416694678044 0.9510565162951535 0.032301071545602356
vn -0.4972609476841363 0.866025403784439 0.05226423163382667
vn -0.6654650388849332 0.7431448254773947 0.06994319400804469
vn -0.8045851146309165 0.5877852522924729 0.08456530317942952
vn -0.9085409600397963 0.4067366430757998 0.09549150281252661
vn -0.9727892058317136 0.20791169081775954 0.10224426555364727
vn -0.9945218953682734 0 0.10452846326765378
vn -0.9727892058317136 -0.20791169081775882 0.10224426555364732
vn -0.9085409600397962 -0.4067366430758003 0.09549150281252669
vn -0.8045851146309165 -0.5877852522924732 0.08456530317942915
vn -0.6654650388849339 -0.743144825477394 0.06994319400804454
vn -0.497260947684137 -0.8660254037844385 0.052264231633826805
vn -0.30732416694677983 -0.9510565162951535 0.03230107154560249
vn -0.10395584540887949 -0.9945218953682735 0.010926199633097204
vn -0.09941247612902028 0.9945218953682735 0.032301071545602224
vn -0.2938926261462372 0.9510565162951535 0.09549150281252648
vn -0.4755282581475764 0.8660254037844389 0.15450849718747334
vn -0.6363810234301192 0.7431448254773948 0.20677272882130007
vn -0.769420884293814 0.5877852522924728 0.24999999999999942
vn -0.8688333604228341 0.40673664307579993 0.2823010715456021
vn -0.9302736495763562 0.20791169081775954 0.30226423163382626
vn -0.9510565162951539 0 0.309016994374947
vn -0.9302736495763563 -0.20791169081775887 0.30226423163382626
vn -0.8688333604228341 -0.4067366430758003 0.28230107154560147
vn -0.7694208842938136 -0.5877852522924729 0.24999999999999978
vn -0.6363810234301198 -0.7431448254773941 0.2067727288213003
vn -0.4755282581475771 -0.8660254037844386 0.15450849718747398
vn -0.2938926261462367 -0.9510565162951536 0.09549150281252587
vn -0.09941247612902028 -0.9945218953682735 0.032301071545602224
vn -0.09052430460833628 0.9945218953682735 0.05226423163382662
vn -0.2676165673298181 0.9510565162951534 0.15450849718747386
vn -0.43301270189221897 0.866025403784439 0.24999999999999983
vn -0.5794841035564563 0.7431448254773947 0.3345653031794288
vn -0.7006292692220367 0.587785252292473 0.4045084971874739
vn -0.7911535738303739 0.40673664307579965 0.4567727288213003
vn -0.8471006708862742 0.20791169081775968 0.48907380036690257
vn -0.8660254037844388 0 0.4999999999999997
vn -0.8471006708862743 -0.2079116908177589 0.4890738003669024
vn -0.7911535738303732 -0.4067366430758 0.45677272882130066
vn -0.7006292692220367 -0.5877852522924734 0.4045084971874738
vn -0.5794841035564566 -0.743144825477394 0.3345653031794292
vn -0.43301270189221963 -0.8660254037844385 0.2499999999999999
vn -0.2676165673298176 -0.9510565162951538 0.15450849718747384
vn -0.0905243046083363 -0.9945218953682734 0.052264231633826624
vn -0.07767978659246043 0.9945218953682735 0.06994319400804443
vn -0.2296443803543198 0.9510565162951535 0.20677272882130074
vn -0.3715724127386972 0.8660254037844389 0.3345653031794285
vn -0.4972609476841363 0.7431448254773948 0.44773576836617274
vn -0.6012167930930171 0.5877852522924728 0.541338032000729
vn -0.6788965796854772 0.4067366430758001 0.6112812260087741
vn -0.7269053280384564 0.20791169081775954 0.6545084971874731
vn -0.7431448254773948 0 0.6691306063588577
vn -0.7269053280384564 -0.20791169081775882 0.6545084971874735
vn -0.6788965796854775 -0.40673664307580054 0.6112812260087733
vn -0.6012167930930169 -0.5877852522924731 0.5413380320007292
vn -0.4972609476841369 -0.743144825477394 0.4477357683661735
vn -0.3715724127386975 -0.8660254037844385 0.33456530317942923
vn -0.2296443803543193 -0.9510565162951536 0.2067727288213005
vn -0.07767978659246043 -0.9945218953682735 0.06994319400804443
vn -0.06144028915352214 0.9945218953682735 0.08456530317942891
vn -0.18163563200134075 0.9510565162951535 0.2500000000000005
vn -0.2938926261462365 0.8660254037844392 0.4045084971874732
vn -0.3933051022752572 0.7431448254773946 0.541338032000729
vn -0.47552825814757704 0.5877852522924731 0.6545084971874735
vn -0.5369685473011 0.4067366430757996 0.7390738003669026
vn -0.5749407342765972 0.20791169081775995 0.7913380320007294
vn -0.5877852522924732 0 0.8090169943749473
vn -0.5749407342765979 -0.207911690817759 0.7913380320007292
vn -0.5369685473010993 -0.4067366430758001 0.7390738003669026
vn -0.47552825814757704 -0.5877852522924732 0.6545084971874735
vn -0.3933051022752575 -0.7431448254773942 0.5413380320007294
vn -0.2938926261462371 -0.8660254037844385 0.4045084971874737
vn -0.1816356320013405 -0.9510565162951535 0.25000000000000006
vn -0.06144028915352214 -0.9945218953682735 0.08456530317942891
vn -0.04251555625535746 0.9945218953682734 0.09549150281252607
vn -0.12568853494544 0.9510565162951535 0.2823010715456029
vn -0.2033683215379001 0.866025403784439 0.4567727288213
vn -0.2721599366096772 0.7431448254773946 0.6112812260087735
vn -0.3290568564833404 0.5877852522924732 0.7390738003669026
vn -0.3715724127386974 0.40673664307579993 0.8345653031794291
vn -0.39784847155511693 0.20791169081775923 0.8935822975543765
vn -0.4067366430758008 0 0.9135454576426006
vn -0.39784847155511666 -0.20791169081775843 0.8935822975543766
vn -0.3715724127386978 -0.40673664307580043 0.8345653031794288
vn -0.32905685648334043 -0.5877852522924732 0.7390738003669024
vn -0.27215993660967724 -0.7431448254773941 0.6112812260087742
vn -0.2033683215379005 -0.8660254037844387 0.45677272882130066
vn -0.12568853494543983 -0.9510565162951538 0.2823010715456024
vn -0.04251555625535746 -0.9945218953682734 0.09549150281252607
vn -0.02173268953655986 0.9945218953682735 0.10224426555364678
vn -0.06424824579191776 0.9510565162951534 0.3022642316338273
vn -0.10395584540887971 0.8660254037844389 0.48907380036690234
vn -0.1391200757459827 0.7431448254773949 0.6545084971874732
vn -0.16820409120079738 0.587785252292473 0.7913380320007296
vn -0.18993678073735762 0.40673664307579965 0.8935822975543768
vn -0.20336832153790102 0.20791169081775948 0.9567727288213003
vn -0.2079116908177602 0 0.9781476007338055
vn -0.20336832153790083 -0.20791169081775876 0.9567727288213006
vn -0.18993678073735715 -0.4067366430758 0.8935822975543766
vn -0.16820409120079716 -0.5877852522924732 0.7913380320007296
vn -0.13912007574598306 -0.7431448254773944 0.6545084971874736
vn -0.10395584540888009 -0.8660254037844386 0.489073800366903
vn -0.06424824579191744 -0.9510565162951536 0.30226423163382693
vn -0.021732689536559855 -0.9945218953682735 0.10224426555364677
vn 0 0.9945218953682735 0.10452846326765329
vn 0 0.9510565162951535 0.3090169943749481
vn 0 0.8660254037844388 0.49999999999999967
vn 0 0.7431448254773947 0.6691306063588578
vn 0 0.5877852522924731 0.8090169943749477
vn 0 0.4067366430757998 0.9135454576426011
vn 0 0.20791169081775962 0.9781476007338056
vn 0 0 1
vn 0 -0.20791169081775895 0.9781476007338057
vn 0 -0.40673664307580026 0.9135454576426009
vn 0 -0.5877852522924732 0.8090169943749475
vn 0 -0.7431448254773942 0.6691306063588583
vn 0 -0.8660254037844386 0.5000000000000004
vn 0 -0.9510565162951536 0.3090169943749475
vn 0 -0.9945218953682735 0.10452846326765329
usemtl m_ff3f9969-fbe3-b269-57f2-66988de6cb19
f 3/1/1 17/2/1 2/3/1
f 3/4/2 4/5/2 18/6/2 17/7/2
f 4/8/3 5/9/3 19/10/3 18/11/3
f 5/12/4 6/13/4 20/14/4 19/15/4
f 6/16/5 7/17/5 21/18/5 20/19/5
f 7/20/6 8/21/6 22/22/6 21/23/6
f 8/24/7 9/25/7 23/26/7 22/27/7
f 9/28/8 10/29/8 24/30/8 23/31/8
f 10/32/9 11/33/9 25/34/9 24/35/9
f 11/36/10 12/37/10 26/38/10 25/39/10
f 12/40/11 13/41/11 27/42/11 26/43/11
f 13/44/12 14/45/12 28/46/12 27/47/12
f 14/48/13 15/49/13 29/50/13 28/51/13
f 15/52/14 16/53/14 30/54/14 29/55/14
f 30/56/15 16/57/15 1/58/15
f 17/59/16 31/60/16 2/61/16
f 17/62/17 18/63/17 32/64/17 31/65/17
f 18/66/18 19/67/18 33/68/18 32/69/18
f 19/70/19 20/71/19 34/72/19 33/73/19
f 20/74/20 21/75/20 35/76/20 34/77/20
f 21/78/21 22/79/21 36/80/21 35/81/21
f 22/82/22 23/83/22 37/84/22 36/85/22
f 23/86/23 24/87/23 38/88/23 37/89/23
f 24/90/24 25/91/24 39/92/24 38/93/24
f 25/94/25 26/95/25 40/96/25 39/97/25
f 26/98/26 27/99/26 41/100/26 40/101/26
f 27/102/27 28/103/27 42/104/27 41/105/27
f 28/106/28 29/107/28 43/108/28 42/109/28
f 29/110/29 30/111/29 44/112/29 43/113/29
f 44/114/30 30/115/30 1/116/30
f 31/117/31 45/118/31 2/119/31
f 31/120/32 32/121/32 46/122/32 45/123/32
f 32/124/33 33/125/33 47/126/33 46/127/33
f 33/128/34 34/129/34 48/130/34 47/131/34
f 34/132/35 35/133/35 49/134/35 48/135/35
f 35/136/36 36/137/36 50/138/36 49/139/36
f 36/140/37 37/141/37 51/142/37 50/143/37
f 37/144/38 38/145/38 52/146/38 51/147/38
f 38/148/39 39/149/39 53/150/39 52/151/39
f 39/152/40 40/153/40 54/154/40 53/155/40
f 40/156/41 41/157/41 55/158/41 54/159/41
f 41/160/42 42/161/42 56/162/42 55/163/42
f 42/164/43 43/165/43 57/166/43 56/167/43
f 43/168/44 44/169/44 58/170/44 57/171/44
f 58/172/45 44/173/45 1/174/45
f 45/175/46 59/176/46 2/177/46
f 45/178/47 46/179/47 60/180/47 59/181/47
f 46/182/48 47/183/48 61/184/48 60/185/48
f 47/186/49 48/187/49 62/188/49 61/189/49
f 48/190/50 49/191/50 63/192/50 62/193/50
f 49/194/51 50/195/51 64/196/51 63/197/51
f 50/198/52 51/199/52 65/200/52 64/201/52
f 51/202/53 52/203/53 66/204/53 65/205/53
f 52/206/54 53/207/54 67/208/54 66/209/54
f 53/210/55 54/211/55 68/212/55 67/213/55
f 54/214/56 55/215/56 69/216/56 68/217/56
f 55/218/57 56/219/57 70/220/57 69/221/57
f 56/222/58 57/223/58 71/224/58 70/225/58
f 57/226/59 58/227/59 72/228/59 71/229/59
f 72/230/60 58/231/60 1/232/60
f 59/233/61 73/234/61 2/235/61
f 59/236/62 60/237/62 74/238/62 73/239/62
f 60/240/63 61/241/63 75/242/63 74/243/63
f 61/244/64 62/245/64 76/246/64 75/247/64
f 62/248/65 63/249/65 77/250/65 76/251/65
f 63/252/66 64/253/66 78/254/66 77/255/66
f 64/256/67 65/257/67 79/258/67 78/259/67
f 65/260/68 66/261/68 80/262/68 79/263/68
f 66/264/69 67/265/69 81/266/69 80/267/69
f 67/268/70 68/269/70 82/270/70 81/271/70
f 68/272/71 69/273/71 83/274/71 82/275/71
f 69/276/72 70/277/72 84/278/72 83/279/72
f 70/280/73 71/281/73 85/282/73 84/283/73
f 71/284/74 72/285/74 86/286/74 85/287/74
f 86/288/75 72/289/75 1/290/75
f 73/291/76 87/292/76 2/293/76
f 73/294/77 74/295/77 88/296/77 87/297/77
f 74/298/78 75/299/78 89/300/78 88/301/78
f 75/302/79 76/303/79 90/304/79 89/305/79
f 76/306/80 77/307/80 91/308/80 90/309/80
f 77/310/81 78/311/81 92/312/81 91/313/81
f 78/314/82 79/315/82 93/316/82 92/317/82
f 79/318/83 80/319/83 94/320/83 93/321/83
f 80/322/84 81/323/84 95/324/84 94/325/84
f 81/326/85 82/327/85 96/328/85 95/329/85
f 82/330/86 83/331/86 97/332/86 96/333/86
f 83/334/87 84/335/87 98/336/87 97/337/87
f 84/338/88 85/339/88 99/340/88 98/341/88
f 85/342/89 86/343/89 100/344/89 99/345/89
f 100/346/90 86/347/90 1/348/90
f 87/349/91 101/350/91 2/351/91
f 87/352/92 88/353/92 102/354/92 101/355/92
f 88/356/93 89/357/93 103/358/93 102/359/93
f 89/360/94 90/361/94 104/362/94 103/363/94
f 90/364/95 91/365/95 105/366/95 104/367/95
f 91/368/96 92/369/96 106/370/96 105/371/96
f 92/372/97 93/373/97 107/374/97 106/375/97
f 93/376/98 94/377/98 108/378/98 107/379/98
f 94/380/99 95/381/99 109/382/99 108/383/99
f 95/384/100 96/385/100 110/386/100 109/387/100
f 96/388/101 97/389/101 111/390/101 110/391/101
f 97/392/102 98/393/102 112/394/102 111/395/102
f 98/396/103 99/397/103 113/398/103 112/399/103
f 99/400/104 100/401/104 114/402/104 113/403/104
f 114/404/105 100/405/105 1/406/105
f 101/407/106 115/408/106 2/409/106
f 101/410/107 102/411/107 116/412/107 115/413/107
f 102/414/108 103/415/108 117/416/108 116/417/108
f 103/418/109 104/419/109 118/420/109 117/421/109
f 104/422/110 105/423/110 119/424/110 118/425/110
f 105/426/111 106/427/111 120/428/111 119/429/111
f 106/430/112 107/431/112 121/432/112 120/433/112
f 107/434/113 108/435/113 122/436/113 121/437/113
f 108/438/114 109/439/114 123/440/114 122/441/114
f 109/442/115 110/443/115 124/444/115 123/445/115
f 110/446/116 111/447/116 125/448/116 124/449/116
f 111/450/117 112/451/117 126/452/117 125/453/117
f 112/454/118 113/455/118 127/456/118 126/457/118
f 113/458/119 114/459/119 128/460/119 127/461/119
f 128/462/120 114/463/120 1/464/120
f 115/465/121 129/466/121 2/467/121
f 115/468/122 116/469/122 130/470/122 129/471/122
f 116/472/123 117/473/123 131/474/123 130/475/123
f 117/476/124 118/477/124 132/478/124 131/479/124
f 118/480/125 119/481/125 133/482/125 132/483/125
f 119/484/126 120/485/126 134/486/126 133/487/126
f 120/488/127 121/489/127 135/490/127 134/491/127
f 121/492/128 122/493/128 136/494/128 135/495/128
f 122/496/129 123/497/129 137/498/129 136/499/129
f 123/500/130 124/501/130 138/502/130 137/503/130
f 124/504/131 125/505/131 139/506/131 138/507/131
f 125/508/132 126/509/132 140/510/132 139/511/132
f 126/512/133 127/513/133 141/514/133 140/515/133
f 127/516/134 128/517/134 142/518/134 141/519/134
f 142/520/135 128/521/135 1/522/135
f 129/523/136 143/524/136 2/525/136
f 129/526/137 130/527/137 144/528/137 143/529/137
f 130/530/138 131/531/138 145/532/138 144/533/138
f 131/534/139 132/535/139 146/536/139 145/537/139
f 132/538/140 133/539/140 147/540/140 146/541/140
f 133/542/141 134/543/141 148/544/141 147/545/141
f 134/546/142 135/547/142 149/548/142 148/549/142
f 135/550/143 136/551/143 150/552/143 149/553/143
f 136/554/144 137/555/144 151/556/144 150/557/144
f 137/558/145 138/559/145 152/560/145 151/561/145
f 138/562/146 139/563/146 153/564/146 152/565/146
f 139/566/147 140/567/147 154/568/147 153/569/147
f 140/570/148 141/571/148 155/572/148 154/573/148
f 141/574/149 142/575/149 156/576/149 155/577/149
f 156/578/150 142/579/150 1/580/150
f 143/581/151 157/582/151 2/583/151
f 143/584/152 144/585/152 158/586/152 157/587/152
f 144/588/153 145/589/153 159/590/153 158/591/153
f 145/592/154 146/593/154 160/594/154 159/595/154
f 146/596/155 147/597/155 161/598/155 160/599/155
f 147/600/156 148/601/156 162/602/156 161/603/156
f 148/604/157 149/605/157 163/606/157 162/607/157
f 149/608/158 150/609/158 164/610/158 163/611/158
f 150/612/159 151/613/159 165/614/159 164/615/159
f 151/616/160 152/617/160 166/618/160 165/619/160
f 152/620/161 153/621/161 167/622/161 166/623/161
f 153/624/162 154/625/162 168/626/162 167/627/162
f 154/628/163 155/629/163 169/630/163 168/631/163
f 155/632/164 156/633/164 170/634/164 169/635/164
f 170/636/165 156/637/165 1/638/165
f 157/639/166 171/640/166 2/641/166
f 157/642/167 158/643/167 172/644/167 171/645/167
f 158/646/168 159/647/168 173/648/168 172/649/168
f 159/650/169 160/651/169 174/652/169 173/653/169
f 160/654/170 161/655/170 175/656/170 174/657/170
f 161/658/171 162/659/171 176/660/171 175/661/171
f 162/662/172 163/663/172 177/664/172 176/665/172
f 163/666/173 164/667/173 178/668/173 177/669/173
f 164/670/174 165/671/174 179/672/174 178/673/174
f 165/674/175 166/675/175 180/676/175 179/677/175
f 166/678/176 167/679/176 181/680/176 180/681/176
f 167/682/177 168/683/177 182/684/177 181/685/177
f 168/686/178 169/687/178 183/688/178 182/689/178
f 169/690/179 170/691/179 184/692/179 183/693/179
f 184/694/180 170/695/180 1/696/180
f 171/697/181 185/698/181 2/699/181
f 171/700/182 172/701/182 186/702/182 185/703/182
f 172/704/183 173/705/183 187/706/183 186/707/183
f 173/708/184 174/709/184 188/710/184 187/711/184
f 174/712/185 175/713/185 189/714/185 188/715/185
f 175/716/186 176/717/186 190/718/186 189/719/186
f 176/720/187 177/721/187 191/722/187 190/723/187
f 177/724/188 178/725/188 192/726/188 191/727/188
f 178/728/189 179/729/189 193/730/189 192/731/189
f 179/732/190 180/733/190 194/734/190 193/735/190
f 180/736/191 181/737/191 195/738/191 194/739/191
f 181/740/192 182/741/192 196/742/192 195/743/192
f 182/744/193 183/745/193 197/746/193 196/747/193
f 183/748/194 184/749/194 198/750/194 197/751/194
f 198/752/195 184/753/195 1/754/195
f 185/755/196 199/756/196 2/757/196
f 185/758/197 186/759/197 200/760/197 199/761/197
f 186/762/198 187/763/198 201/764/198 200/765/198
f 187/766/199 188/767/199 202/768/199 201/769/199
f 188/770/200 189/771/200 203/772/200 202/773/200
f 189/774/201 190/775/201 204/776/201 203/777/201
f 190/778/202 191/779/202 205/780/202 204/781/202
f 191/782/203 192/783/203 206/784/203 205/785/203
f 192/786/204 193/787/204 207/788/204 206/789/204
f 193/790/205 194/791/205 208/792/205 207/793/205
f 194/794/206 195/795/206 209/796/206 208/797/206
f 195/798/207 196/799/207 210/800/207 209/801/207
f 196/802/208 197/803/208 211/804/208 210/805/208
f 197/806/209 198/807/209 212/808/209 211/809/209
f 212/810/210 198/811/210 1/812/210
f 199/813/211 213/814/211 2/815/211
f 199/816/212 200/817/212 214/818/212 213/819/212
f 200/820/213 201/821/213 215/822/213 214/823/213
f 201/824/214 202/825/214 216/826/214 215/827/214
f 202/828/215 203/829/215 217/830/215 216/831/215
f 203/832/216 204/833/216 218/834/216 217/835/216
f 204/836/217 205/837/217 219/838/217 218/839/217
f 205/840/218 206/841/218 220/842/218 219/843/218
f 206/844/219 207/845/219 221/846/219 220/847/219
f 207/848/220 208/849/220 222/850/220 221/851/220
f 208/852/221 209/853/221 223/854/221 222/855/221
f 209/856/222 210/857/222 224/858/222 223/859/222
f 210/860/223 211/861/223 225/862/223 224/863/223
f 211/864/224 212/865/224 226/866/224 225/867/224
f 226/868/225 212/869/225 1/870/225
f 213/871/226 227/872/226 2/873/226
f 213/874/227 214/875/227 228/876/227 227/877/227
f 214/878/228 215/879/228 229/880/228 228/881/228
f 215/882/229 216/883/229 230/884/229 229/885/229
f 216/886/230 217/887/230 231/888/230 230/889/230
f 217/890/231 218/891/231 232/892/231 231/893/231
f 218/894/232 219/895/232 233/896/232 232/897/232
f 219/898/233 220/899/233 234/900/233 233/901/233
f 220/902/234 221/903/234 235/904/234 234/905/234
f 221/906/235 222/907/235 236/908/235 235/909/235
f 222/910/236 223/911/236 237/912/236 236/913/236
f 223/914/237 224/915/237 238/916/237 237/917/237
f 224/918/238 225/919/238 239/920/238 238/921/238
f 225/922/239 226/923/239 240/924/239 239/925/239
f 240/926/240 226/927/240 1/928/240
f 227/929/241 241/930/241 2/931/241
f 227/932/242 228/933/242 242/934/242 241/935/242
f 228/936/243 229/937/243 243/938/243 242/939/243
f 229/940/244 230/941/244 244/942/244 243/943/244
f 230/944/245 231/945/245 245/946/245 244/947/245
f 231/948/246 232/949/246 246/950/246 245/951/246
f 232/952/247 233/953/247 247/954/247 246/955/247
f 233/956/248 234/957/248 248/958/248 247/959/248
f 234/960/249 235/961/249 249/962/249 248/963/249
f 235/964/250 236/965/250 250/966/250 249/967/250
f 236/968/251 237/969/251 251/970/251 250/971/251
f 237/972/252 238/973/252 252/974/252 251/975/252
f 238/976/253 239/977/253 253/978/253 252/979/253
f 239/980/254 240/981/254 254/982/254 253/983/254
f 254/984/255 240/985/255 1/986/255
f 241/987/256 255/988/256 2/989/256
f 241/990/257 242/991/257 256/992/257 255/993/257
f 242/994/258 243/995/258 257/996/258 256/997/258
f 243/998/259 244/999/259 258/1000/259 257/1001/259
f 244/1002/260 245/1003/260 259/1004/260 258/1005/260
f 245/1006/261 246/1007/261 260/1008/261 259/1009/261
f 246/1010/262 247/1011/262 261/1012/262 260/1013/262
f 247/1014/263 248/1015/263 262/1016/263 261/1017/263
f 248/1018/264 249/1019/264 263/1020/264 262/1021/264
f 249/1022/265 250/1023/265 264/1024/265 263/1025/265
f 250/1026/266 251/1027/266 265/1028/266 264/1029/266
f 251/1030/267 252/1031/267 266/1032/267 265/1033/267
f 252/1034/268 253/1035/268 267/1036/268 266/1037/268
f 253/1038/269 254/1039/269 268/1040/269 267/1041/269
f 268/1042/270 254/1043/270 1/1044/270
f 255/1045/271 269/1046/271 2/1047/271
f 255/1048/272 256/1049/272 270/1050/272 269/1051/272
f 256/1052/273 257/1053/273 271/1054/273 270/1055/273
f 257/1056/274 258/1057/274 272/1058/274 271/1059/274
f 258/1060/275 259/1061/275 273/1062/275 272/1063/275
f 259/1064/276 260/1065/276 274/1066/276 273/1067/276
f 260/1068/277 261/1069/277 275/1070/277 274/1071/277
f 261/1072/278 262/1073/278 276/1074/278 275/1075/278
f 262/1076/279 263/1077/279 277/1078/279 276/1079/279
f 263/1080/280 264/1081/280 278/1082/280 277/1083/280
f 264/1084/281 265/1085/281 279/1086/281 278/1087/281
f 265/1088/282 266/1089/282 280/1090/282 279/1091/282
f 266/1092/283 267/1093/283 281/1094/283 280/1095/283
f 267/1096/284 268/1097/284 282/1098/284 281/1099/284
f 282/1100/285 268/1101/285 1/1102/285
f 269/1103/286 283/1104/286 2/1105/286
f 269/1106/287 270/1107/287 284/1108/287 283/1109/287
f 270/1110/288 271/1111/288 285/1112/288 284/1113/288
f 271/1114/289 272/1115/289 286/1116/289 285/1117/289
f 272/1118/290 273/1119/290 287/1120/290 286/1121/290
f 273/1122/291 274/1123/291 288/1124/291 287/1125/291
f 274/1126/292 275/1127/292 289/1128/292 288/1129/292
f 275/1130/293 276/1131/293 290/1132/293 289/1133/293
f 276/1134/294 277/1135/294 291/1136/294 290/1137/294
f 277/1138/295 278/1139/295 292/1140/295 291/1141/295
f 278/1142/296 279/1143/296 293/1144/296 292/1145/296
f 279/1146/297 280/1147/297 294/1148/297 293/1149/297
f 280/1150/298 281/1151/298 295/1152/298 294/1153/298
f 281/1154/299 282/1155/299 296/1156/299 295/1157/299
f 296/1158/300 282/1159/300 1/1160/300
f 283/1161/301 297/1162/301 2/1163/301
f 283/1164/302 284/1165/302 298/1166/302 297/1167/302
f 284/1168/303 285/1169/303 299/1170/303 298/1171/303
f 285/1172/304 286/1173/304 300/1174/304 299/1175/304
f 286/1176/305 287/1177/305 301/1178/305 300/1179/305
f 287/1180/306 288/1181/306 302/1182/306 301/1183/306
f 288/1184/307 289/1185/307 303/1186/307 302/1187/307
f 289/1188/308 290/1189/308 304/1190/308 303/1191/308
f 290/1192/309 291/1193/309 305/1194/309 304/1195/309
f 291/1196/310 292/1197/310 306/1198/310 305/1199/310
f 292/1200/311 293/1201/311 307/1202/311 306/1203/311
f 293/1204/312 294/1205/312 308/1206/312 307/1207/312
f 294/1208/313 295/1209/313 309/1210/313 308/1211/313
f 295/1212/314 296/1213/314 310/1214/314 309/1215/314
f 310/1216/315 296/1217/315 1/1218/315
f 297/1219/316 311/1220/316 2/1221/316
f 297/1222/317 298/1223/317 312/1224/317 311/1225/317
f 298/1226/318 299/1227/318 313/1228/318 312/1229/318
f 299/1230/319 300/1231/319 314/1232/319 313/1233/319
f 300/1234/320 301/1235/320 315/1236/320 314/1237/320
f 301/1238/321 302/1239/321 316/1240/321 315/1241/321
f 302/1242/322 303/1243/322 317/1244/322 316/1245/322
f 303/1246/323 304/1247/323 318/1248/323 317/1249/323
f 304/1250/324 305/1251/324 319/1252/324 318/1253/324
f 305/1254/325 306/1255/325 320/1256/325 319/1257/325
f 306/1258/326 307/1259/326 321/1260/326 320/1261/326
f 307/1262/327 308/1263/327 322/1264/327 321/1265/327
f 308/1266/328 309/1267/328 323/1268/328 322/1269/328
f 309/1270/329 310/1271/329 324/1272/329 323/1273/329
f 324/1274/330 310/1275/330 1/1276/330
f 311/1277/331 325/1278/331 2/1279/331
f 311/1280/332 312/1281/332 326/1282/332 325/1283/332
f 312/1284/333 313/1285/333 327/1286/333 326/1287/333
f 313/1288/334 314/1289/334 328/1290/334 327/1291/334
f 314/1292/335 315/1293/335 329/1294/335 328/1295/335
f 315/1296/336 316/1297/336 330/1298/336 329/1299/336
f 316/1300/337 317/1301/337 331/1302/337 330/1303/337
f 317/1304/338 318/1305/338 332/1306/338 331/1307/338
f 318/1308/339 319/1309/339 333/1310/339 332/1311/339
f 319/1312/340 320/1313/340 334/1314/340 333/1315/340
f 320/1316/341 321/1317/341 335/1318/341 334/1319/341
f 321/1320/342 322/1321/342 336/1322/342 335/1323/342
f 322/1324/343 323/1325/343 337/1326/343 336/1327/343
f 323/1328/344 324/1329/344 338/1330/344 337/1331/344
f 338/1332/345 324/1333/345 1/1334/345
f 325/1335/346 339/1336/346 2/1337/346
f 325/1338/347 326/1339/347 340/1340/347 339/1341/347
f 326/1342/348 327/1343/348 341/1344/348 340/1345/348
f 327/1346/349 328/1347/349 342/1348/349 341/1349/349
f 328/1350/350 329/1351/350 343/1352/350 342/1353/350
f 329/1354/351 330/1355/351 344/1356/351 343/1357/351
f 330/1358/352 331/1359/352 345/1360/352 344/1361/352
f 331/1362/353 332/1363/353 346/1364/353 345/1365/353
f 332/1366/354 333/1367/354 347/1368/354 346/1369/354
f 333/1370/355 334/1371/355 348/1372/355 347/1373/355
f 334/1374/356 335/1375/356 349/1376/356 348/1377/356
f 335/1378/357 336/1379/357 350/1380/357 349/1381/357
f 336/1382/358 337/1383/358 351/1384/358 350/1385/358
f 337/1386/359 338/1387/359 352/1388/359 351/1389/359
f 352/1390/360 338/1391/360 1/1392/360
f 339/1393/361 353/1394/361 2/1395/361
f 339/1396/362 340/1397/362 354/1398/362 353/1399/362
f 340/1400/363 341/1401/363 355/1402/363 354/1403/363
f 341/1404/364 342/1405/364 356/1406/364 355/1407/364
f 342/1408/365 343/1409/365 357/1410/365 356/1411/365
f 343/1412/366 344/1413/366 358/1414/366 357/1415/366
f 344/1416/367 345/1417/367 359/1418/367 358/1419/367
f 345/1420/368 346/1421/368 360/1422/368 359/1423/368
f 346/1424/369 347/1425/369 361/1426/369 360/1427/369
f 347/1428/370 348/1429/370 362/1430/370 361/1431/370
f 348/1432/371 349/1433/371 363/1434/371 362/1435/371
f 349/1436/372 350/1437/372 364/1438/372 363/1439/372
f 350/1440/373 351/1441/373 365/1442/373 364/1443/373
f 351/1444/374 352/1445/374 366/1446/374 365/1447/374
f 366/1448/375 352/1449/375 1/1450/375
f 353/1451/376 367/1452/376 2/1453/376
f 353/1454/377 354/1455/377 368/1456/377 367/1457/377
f 354/1458/378 355/1459/378 369/1460/378 368/1461/378
f 355/1462/379 356/1463/379 370/1464/379 369/1465/379
f 356/1466/380 357/1467/380 371/1468/380 370/1469/380
f 357/1470/381 358/1471/381 372/1472/381 371/1473/381
f 358/1474/382 359/1475/382 373/1476/382 372/1477/382
f 359/1478/383 360/1479/383 374/1480/383 373/1481/383
f 360/1482/384 361/1483/384 375/1484/384 374/1485/384
f 361/1486/385 362/1487/385 376/1488/385 375/1489/385
f 362/1490/386 363/1491/386 377/1492/386 376/1493/386
f 363/1494/387 364/1495/387 378/1496/387 377/1497/387
f 364/1498/388 365/1499/388 379/1500/388 378/1501/388
f 365/1502/389 366/1503/389 380/1504/389 379/1505/389
f 380/1506/390 366/1507/390 1/1508/390
f 367/1509/391 381/1510/391 2/1511/391
f 367/1512/392 368/1513/392 382/1514/392 381/1515/392
f 368/1516/393 369/1517/393 383/1518/393 382/1519/393
f 369/1520/394 370/1521/394 384/1522/394 383/1523/394
f 370/1524/395 371/1525/395 385/1526/395 384/1527/395
f 371/1528/396 372/1529/396 386/1530/396 385/1531/396
f 372/1532/397 373/1533/397 387/1534/397 386/1535/397
f 373/1536/398 374/1537/398 388/1538/398 387/1539/398
f 374/1540/399 375/1541/399 389/1542/399 388/1543/399
f 375/1544/400 376/1545/400 390/1546/400 389/1547/400
f 376/1548/401 377/1549/401 391/1550/401 390/1551/401
f 377/1552/402 378/1553/402 392/1554/402 391/1555/402
f 378/1556/403 379/1557/403 393/1558/403 392/1559/403
f 379/1560/404 380/1561/404 394/1562/404 393/1563/404
f 394/1564/405 380/1565/405 1/1566/405
f 381/1567/406 395/1568/406 2/1569/406
f 381/1570/407 382/1571/407 396/1572/407 395/1573/407
f 382/1574/408 383/1575/408 397/1576/408 396/1577/408
f 383/1578/409 384/1579/409 398/1580/409 397/1581/409
f 384/1582/410 385/1583/410 399/1584/410 398/1585/410
f 385/1586/411 386/1587/411 400/1588/411 399/1589/411
f 386/1590/412 387/1591/412 401/1592/412 400/1593/412
f 387/1594/413 388/1595/413 402/1596/413 401/1597/413
f 388/1598/414 389/1599/414 403/1600/414 402/1601/414
f 389/1602/415 390/1603/415 404/1604/415 403/1605/415
f 390/1606/416 391/1607/416 405/1608/416 404/1609/416
f 391/1610/417 392/1611/417 406/1612/417 405/1613/417
f 392/1614/418 393/1615/418 407/1616/418 406/1617/418
f 393/1618/419 394/1619/419 408/1620/419 407/1621/419
f 408/1622/420 394/1623/420 1/1624/420
f 395/1625/421 409/1626/421 2/1627/421
f 395/1628/422 396/1629/422 410/1630/422 409/1631/422
f 396/1632/423 397/1633/423 411/1634/423 410/1635/423
f 397/1636/424 398/1637/424 412/1638/424 411/1639/424
f 398/1640/425 399/1641/425 413/1642/425 412/1643/425
f 399/1644/426 400/1645/426 414/1646/426 413/1647/426
f 400/1648/427 401/1649/427 415/1650/427 414/1651/427
f 401/1652/428 402/1653/428 416/1654/428 415/1655/428
f 402/1656/429 403/1657/429 417/1658/429 416/1659/429
f 403/1660/430 404/1661/430 418/1662/430 417/1663/430
f 404/1664/431 405/1665/431 419/1666/431 418/1667/431
f 405/1668/432 406/1669/432 420/1670/432 419/1671/432
f 406/1672/433 407/1673/433 421/1674/433 420/1675/433
f 407/1676/434 408/1677/434 422/1678/434 421/1679/434
f 422/1680/435 408/1681/435 1/1682/435
f 409/1683/436 3/1684/436 2/1685/436
f 409/1686/437 410/1687/437 4/1688/437 3/1689/437
f 410/1690/438 411/1691/438 5/1692/438 4/1693/438
f 411/1694/439 412/1695/439 6/1696/439 5/1697/439
f 412/1698/440 413/1699/440 7/1700/440 6/1701/440
f 413/1702/441 414/1703/441 8/1704/441 7/1705/441
f 414/1706/442 415/1707/442 9/1708/442 8/1709/442
f 415/1710/443 416/1711/443 10/1712/443 9/1713/443
f 416/1714/444 417/1715/444 11/1716/444 10/1717/444
f 417/1718/445 418/1719/445 12/1720/445 11/1721/445
f 418/1722/446 419/1723/446 13/1724/446 12/1725/446
f 419/1726/447 420/1727/447 14/1728/447 13/1729/447
f 420/1730/448 421/1731/448 15/1732/448 14/1733/448
f 421/1734/449 422/1735/449 16/1736/449 15/1737/449
f 16/1738/450 422/1739/450 1/1740/450